year_a,year_b,similarity
1968,1968,1.0
1968,1969,0.39901044940970626
1968,1970,0.31491460877537353
1968,1971,0.25877914688693004
1968,1972,0.23566613103411538
1968,1973,0.2257483810349839
1968,1974,0.23950602725287234
1968,1975,0.15599164478274474
1968,1976,0.10316773607311272
1968,1977,0.0
1968,1978,0.0
1968,1979,0.0
1968,1980,0.0
1968,1981,0.0
1968,1982,0.0
1968,1983,0.0
1968,1984,0.0
1968,1985,0.0
1968,1986,0.0
1968,1987,0.0
1968,1988,0.0
1968,1989,0.0
1968,1990,0.0
1968,1991,0.0
1968,1992,0.0
1968,1993,0.0
1968,1994,0.0
1968,1995,0.0
1968,1996,0.0
1968,1997,0.0
1968,1998,0.0
1968,1999,0.0
1968,2000,0.0
1968,2001,0.0
1968,2002,0.0
1968,2003,0.0
1968,2004,0.0
1968,2005,0.0
1968,2006,0.0
1968,2007,0.0
1968,2008,0.0
1968,2009,0.0
1968,2010,0.0
1968,2011,0.0
1968,2012,0.0
1968,2013,0.0
1968,2014,0.0
1968,2015,0.0
1968,2016,0.0
1968,2017,0.0
1968,2018,0.0
1968,2019,0.0
1968,2020,0.0
1968,2021,0.0
1968,2022,0.0
1968,2023,0.0
1968,2024,0.0
1969,1968,0.39901044940970626
1969,1969,1.0
1969,1970,0.27175044353515004
1969,1971,0.3382099745900656
1969,1972,0.2816411176109192
1969,1973,0.3193824696800178
1969,1974,0.24784864138130805
1969,1975,0.1829924153756616
1969,1976,0.11858121743531765
1969,1977,0.0
1969,1978,0.0
1969,1979,0.0
1969,1980,0.0
1969,1981,0.0
1969,1982,0.0
1969,1983,0.0
1969,1984,0.0
1969,1985,0.0
1969,1986,0.0
1969,1987,0.0
1969,1988,0.0
1969,1989,0.0
1969,1990,0.0
1969,1991,0.0
1969,1992,0.0
1969,1993,0.0
1969,1994,0.0
1969,1995,0.0
1969,1996,0.0
1969,1997,0.0
1969,1998,0.0
1969,1999,0.0
1969,2000,0.0
1969,2001,0.0
1969,2002,0.0
1969,2003,0.0
1969,2004,0.0
1969,2005,0.0
1969,2006,0.0
1969,2007,0.0
1969,2008,0.0
1969,2009,0.0
1969,2010,0.0
1969,2011,0.0
1969,2012,0.0
1969,2013,0.0
1969,2014,0.0
1969,2015,0.0
1969,2016,0.0
1969,2017,0.0
1969,2018,0.0
1969,2019,0.0
1969,2020,0.0
1969,2021,0.0
1969,2022,0.0
1969,2023,0.0
1969,2024,0.0
1970,1968,0.31491460877537353
1970,1969,0.27175044353515004
1970,1970,1.0
1970,1971,0.3404007144262816
1970,1972,0.26981588865199035
1970,1973,0.26084334129898684
1970,1974,0.2740298203194988
1970,1975,0.18543034394342403
1970,1976,0.20232291575984448
1970,1977,0.01326898937934533
1970,1978,0.0
1970,1979,0.0
1970,1980,0.0
1970,1981,0.0
1970,1982,0.0
1970,1983,0.0
1970,1984,0.0
1970,1985,0.0
1970,1986,0.0
1970,1987,0.0
1970,1988,0.0
1970,1989,0.0
1970,1990,0.0
1970,1991,0.0
1970,1992,0.0
1970,1993,0.0
1970,1994,0.0
1970,1995,0.0
1970,1996,0.0
1970,1997,0.0
1970,1998,0.0
1970,1999,0.0
1970,2000,0.0
1970,2001,0.0
1970,2002,0.0
1970,2003,0.0
1970,2004,0.0
1970,2005,0.0
1970,2006,0.0
1970,2007,0.0
1970,2008,0.0
1970,2009,0.0
1970,2010,0.0
1970,2011,0.0
1970,2012,0.0
1970,2013,0.0
1970,2014,0.0
1970,2015,0.0
1970,2016,0.0
1970,2017,0.0
1970,2018,0.0
1970,2019,0.0
1970,2020,0.0
1970,2021,0.0
1970,2022,0.0
1970,2023,0.0
1970,2024,0.0
1971,1968,0.25877914688693004
1971,1969,0.3382099745900656
1971,1970,0.3404007144262816
1971,1971,1.0
1971,1972,0.331538928517743
1971,1973,0.3741908481675743
1971,1974,0.381834790034139
1971,1975,0.28803171268217087
1971,1976,0.3150683270360426
1971,1977,0.05749053419095844
1971,1978,0.0
1971,1979,0.0
1971,1980,0.0
1971,1981,0.0
1971,1982,0.0
1971,1983,0.0
1971,1984,0.0
1971,1985,0.0
1971,1986,0.0
1971,1987,0.0
1971,1988,0.0
1971,1989,0.0
1971,1990,0.0
1971,1991,0.0
1971,1992,0.0
1971,1993,0.0
1971,1994,0.0
1971,1995,0.0
1971,1996,0.0
1971,1997,0.0
1971,1998,0.0
1971,1999,0.0
1971,2000,0.0
1971,2001,0.0
1971,2002,0.0
1971,2003,0.0
1971,2004,0.0
1971,2005,0.0
1971,2006,0.0
1971,2007,0.0
1971,2008,0.0
1971,2009,0.0
1971,2010,0.0
1971,2011,0.0
1971,2012,0.0
1971,2013,0.0
1971,2014,0.0
1971,2015,0.0
1971,2016,0.0
1971,2017,0.0
1971,2018,0.0
1971,2019,0.0
1971,2020,0.0
1971,2021,0.0
1971,2022,0.0
1971,2023,0.0
1971,2024,0.0
1972,1968,0.23566613103411538
1972,1969,0.2816411176109192
1972,1970,0.26981588865199035
1972,1971,0.331538928517743
1972,1972,1.0
1972,1973,0.3325149859676364
1972,1974,0.432608725814979
1972,1975,0.23869783667078262
1972,1976,0.1598013174765007
1972,1977,0.005924135186671789
1972,1978,0.0
1972,1979,0.01209555766923302
1972,1980,0.0
1972,1981,0.0
1972,1982,0.0
1972,1983,0.0
1972,1984,0.0
1972,1985,0.0
1972,1986,0.0
1972,1987,0.0
1972,1988,0.0
1972,1989,0.0
1972,1990,0.0
1972,1991,0.0
1972,1992,0.0
1972,1993,0.0
1972,1994,0.0
1972,1995,0.0
1972,1996,0.0
1972,1997,0.0
1972,1998,0.0
1972,1999,0.0
1972,2000,0.0
1972,2001,0.0
1972,2002,0.0
1972,2003,0.0
1972,2004,0.0
1972,2005,0.0
1972,2006,0.0
1972,2007,0.0
1972,2008,0.0
1972,2009,0.0
1972,2010,0.0
1972,2011,0.0
1972,2012,0.0
1972,2013,0.0
1972,2014,0.0
1972,2015,0.0
1972,2016,0.0
1972,2017,0.0
1972,2018,0.0
1972,2019,0.0
1972,2020,0.0
1972,2021,0.0
1972,2022,0.0
1972,2023,0.0
1972,2024,0.0
1973,1968,0.2257483810349839
1973,1969,0.3193824696800178
1973,1970,0.26084334129898684
1973,1971,0.3741908481675743
1973,1972,0.3325149859676364
1973,1973,1.0
1973,1974,0.5300644730665566
1973,1975,0.47035216924194
1973,1976,0.31166594704581524
1973,1977,0.02503592376029137
1973,1978,0.010888712280730501
1973,1979,0.0
1973,1980,0.0
1973,1981,0.0
1973,1982,0.0
1973,1983,0.0
1973,1984,0.0
1973,1985,0.0
1973,1986,0.0
1973,1987,0.0
1973,1988,0.0
1973,1989,0.0
1973,1990,0.0
1973,1991,0.0
1973,1992,0.0
1973,1993,0.0
1973,1994,0.0
1973,1995,0.0
1973,1996,0.0
1973,1997,0.0
1973,1998,0.0
1973,1999,0.0
1973,2000,0.0
1973,2001,0.0
1973,2002,0.0
1973,2003,0.0
1973,2004,0.0
1973,2005,0.0
1973,2006,0.0
1973,2007,0.0
1973,2008,0.0
1973,2009,0.0
1973,2010,0.0
1973,2011,0.0
1973,2012,0.0
1973,2013,0.0
1973,2014,0.0
1973,2015,0.0
1973,2016,0.0
1973,2017,0.0
1973,2018,0.0
1973,2019,0.0
1973,2020,0.0
1973,2021,0.0
1973,2022,0.0
1973,2023,0.0
1973,2024,0.0
1974,1968,0.23950602725287234
1974,1969,0.24784864138130805
1974,1970,0.2740298203194988
1974,1971,0.381834790034139
1974,1972,0.432608725814979
1974,1973,0.5300644730665566
1974,1974,1.0
1974,1975,0.45503945362661624
1974,1976,0.30427845334203196
1974,1977,0.027032217620222707
1974,1978,0.008697169456988816
1974,1979,0.014013371818619507
1974,1980,0.0
1974,1981,0.0
1974,1982,0.0
1974,1983,0.0
1974,1984,0.0
1974,1985,0.0
1974,1986,0.0
1974,1987,0.0
1974,1988,0.0
1974,1989,0.0
1974,1990,0.0
1974,1991,0.0
1974,1992,0.0
1974,1993,0.0
1974,1994,0.0
1974,1995,0.0
1974,1996,0.0
1974,1997,0.0
1974,1998,0.0
1974,1999,0.0
1974,2000,0.0
1974,2001,0.0
1974,2002,0.0
1974,2003,0.0
1974,2004,0.0
1974,2005,0.0
1974,2006,0.0
1974,2007,0.0
1974,2008,0.0
1974,2009,0.0
1974,2010,0.0
1974,2011,0.0
1974,2012,0.0
1974,2013,0.0
1974,2014,0.0
1974,2015,0.0
1974,2016,0.0
1974,2017,0.0
1974,2018,0.0
1974,2019,0.0
1974,2020,0.0
1974,2021,0.0
1974,2022,0.0
1974,2023,0.0
1974,2024,0.0
1975,1968,0.15599164478274474
1975,1969,0.1829924153756616
1975,1970,0.18543034394342403
1975,1971,0.28803171268217087
1975,1972,0.23869783667078262
1975,1973,0.47035216924194
1975,1974,0.45503945362661624
1975,1975,1.0
1975,1976,0.37005448072396696
1975,1977,0.0529788794020955
1975,1978,0.008104438834228846
1975,1979,0.008994020143268576
1975,1980,0.008825112471945487
1975,1981,0.0033913146982725317
1975,1982,0.0
1975,1983,0.009176480332434038
1975,1984,0.0
1975,1985,0.0
1975,1986,0.0
1975,1987,0.0
1975,1988,0.0
1975,1989,0.0
1975,1990,0.0014415539952068333
1975,1991,0.0
1975,1992,0.0
1975,1993,0.0
1975,1994,0.0
1975,1995,0.0
1975,1996,0.0
1975,1997,0.0
1975,1998,0.0
1975,1999,0.0
1975,2000,0.0
1975,2001,0.0
1975,2002,0.0
1975,2003,0.0
1975,2004,0.0
1975,2005,0.0
1975,2006,0.0
1975,2007,0.0
1975,2008,0.0
1975,2009,0.0
1975,2010,0.0
1975,2011,0.0
1975,2012,0.0
1975,2013,0.0
1975,2014,0.0
1975,2015,0.0
1975,2016,0.0
1975,2017,0.0
1975,2018,0.0
1975,2019,0.0
1975,2020,0.0
1975,2021,0.0
1975,2022,0.0
1975,2023,0.0
1975,2024,0.0
1976,1968,0.10316773607311272
1976,1969,0.11858121743531765
1976,1970,0.20232291575984448
1976,1971,0.3150683270360426
1976,1972,0.1598013174765007
1976,1973,0.31166594704581524
1976,1974,0.30427845334203196
1976,1975,0.37005448072396696
1976,1976,1.0
1976,1977,0.06709043135049289
1976,1978,0.012637933576973591
1976,1979,0.004095397861820001
1976,1980,0.0004938188397719879
1976,1981,0.0
1976,1982,0.0
1976,1983,0.0
1976,1984,0.0
1976,1985,0.0
1976,1986,0.0
1976,1987,0.0
1976,1988,0.0
1976,1989,0.0
1976,1990,0.0
1976,1991,0.0
1976,1992,0.0
1976,1993,0.0
1976,1994,0.0
1976,1995,0.0
1976,1996,0.0
1976,1997,0.0
1976,1998,0.0
1976,1999,0.0
1976,2000,0.0
1976,2001,0.0
1976,2002,0.0
1976,2003,0.0
1976,2004,0.0
1976,2005,0.0
1976,2006,0.0
1976,2007,0.0
1976,2008,0.0
1976,2009,0.0
1976,2010,0.0
1976,2011,0.0
1976,2012,0.0
1976,2013,0.0
1976,2014,0.0
1976,2015,0.0
1976,2016,0.0
1976,2017,0.0
1976,2018,0.0
1976,2019,0.0
1976,2020,0.0
1976,2021,0.0
1976,2022,0.0
1976,2023,0.0
1976,2024,0.0
1977,1968,0.0
1977,1969,0.0
1977,1970,0.01326898937934533
1977,1971,0.05749053419095844
1977,1972,0.005924135186671789
1977,1973,0.02503592376029137
1977,1974,0.027032217620222707
1977,1975,0.0529788794020955
1977,1976,0.06709043135049289
1977,1977,1.0
1977,1978,0.16267840850062848
1977,1979,0.08573474136388043
1977,1980,0.11403513772810121
1977,1981,0.06245337199358762
1977,1982,0.06944352187411845
1977,1983,0.02322702671770669
1977,1984,0.00015037560234406388
1977,1985,0.014965885593819667
1977,1986,0.014400159369352706
1977,1987,0.0
1977,1988,0.0
1977,1989,0.0
1977,1990,0.0018666336463486984
1977,1991,0.0
1977,1992,0.0
1977,1993,0.0
1977,1994,0.0
1977,1995,0.0
1977,1996,0.0
1977,1997,0.0
1977,1998,0.0
1977,1999,0.0
1977,2000,0.0
1977,2001,0.0
1977,2002,0.0
1977,2003,0.0
1977,2004,0.0
1977,2005,0.0
1977,2006,0.0
1977,2007,0.0
1977,2008,0.0
1977,2009,0.0
1977,2010,0.0
1977,2011,0.0
1977,2012,0.0
1977,2013,0.0
1977,2014,0.0
1977,2015,0.0
1977,2016,0.0
1977,2017,0.0
1977,2018,0.0
1977,2019,0.0
1977,2020,0.0
1977,2021,0.0
1977,2022,0.0
1977,2023,0.0
1977,2024,0.0
1978,1968,0.0
1978,1969,0.0
1978,1970,0.0
1978,1971,0.0
1978,1972,0.0
1978,1973,0.010888712280730501
1978,1974,0.008697169456988816
1978,1975,0.008104438834228846
1978,1976,0.012637933576973591
1978,1977,0.16267840850062848
1978,1978,1.0
1978,1979,0.2321557573770585
1978,1980,0.11466700812548378
1978,1981,0.034373646883027575
1978,1982,0.021423687752456826
1978,1983,0.0
1978,1984,0.017323273835322204
1978,1985,0.011063895854920531
1978,1986,0.0
1978,1987,0.0
1978,1988,0.0
1978,1989,0.0
1978,1990,0.0
1978,1991,0.0
1978,1992,0.0
1978,1993,0.0
1978,1994,0.0
1978,1995,0.0
1978,1996,0.0
1978,1997,0.0
1978,1998,0.0
1978,1999,0.0
1978,2000,0.0
1978,2001,0.0
1978,2002,0.0
1978,2003,0.0
1978,2004,0.0
1978,2005,0.0
1978,2006,0.0
1978,2007,0.0
1978,2008,0.0
1978,2009,0.0
1978,2010,0.0
1978,2011,0.0
1978,2012,0.0
1978,2013,0.0
1978,2014,0.0
1978,2015,0.0
1978,2016,0.0
1978,2017,0.0
1978,2018,0.0
1978,2019,0.0
1978,2020,0.0
1978,2021,0.0
1978,2022,0.0
1978,2023,0.0
1978,2024,0.0
1979,1968,0.0
1979,1969,0.0
1979,1970,0.0
1979,1971,0.0
1979,1972,0.01209555766923302
1979,1973,0.0
1979,1974,0.014013371818619507
1979,1975,0.008994020143268576
1979,1976,0.004095397861820001
1979,1977,0.08573474136388043
1979,1978,0.2321557573770585
1979,1979,1.0
1979,1980,0.22991998135175654
1979,1981,0.19087383567105218
1979,1982,0.1056401486383376
1979,1983,0.0783746878809153
1979,1984,0.043439817046520585
1979,1985,0.03338638985202432
1979,1986,0.01704859957932027
1979,1987,0.017957219777942242
1979,1988,0.0
1979,1989,0.0
1979,1990,0.001854708388423682
1979,1991,0.0
1979,1992,0.0
1979,1993,0.0
1979,1994,0.0
1979,1995,0.0
1979,1996,0.0
1979,1997,0.0
1979,1998,0.0
1979,1999,0.0
1979,2000,0.0
1979,2001,0.0
1979,2002,0.0
1979,2003,0.0
1979,2004,0.0
1979,2005,0.0
1979,2006,0.0
1979,2007,0.0
1979,2008,0.0
1979,2009,0.0
1979,2010,0.0
1979,2011,0.0
1979,2012,0.0
1979,2013,0.0
1979,2014,0.0
1979,2015,0.0
1979,2016,0.0
1979,2017,0.0
1979,2018,0.0
1979,2019,0.0
1979,2020,0.0
1979,2021,0.0
1979,2022,0.0
1979,2023,0.0
1979,2024,0.0
1980,1968,0.0
1980,1969,0.0
1980,1970,0.0
1980,1971,0.0
1980,1972,0.0
1980,1973,0.0
1980,1974,0.0
1980,1975,0.008825112471945487
1980,1976,0.0004938188397719879
1980,1977,0.11403513772810121
1980,1978,0.11466700812548378
1980,1979,0.22991998135175654
1980,1980,1.0
1980,1981,0.47178894805856186
1980,1982,0.4099868481237068
1980,1983,0.19320126693194437
1980,1984,0.20709229371190477
1980,1985,0.06979484377328496
1980,1986,0.0607661822985469
1980,1987,0.02046753148304322
1980,1988,0.0
1980,1989,0.06794893534555849
1980,1990,0.10101579560467176
1980,1991,0.07426557164995089
1980,1992,0.07116759880458429
1980,1993,0.08831728080394545
1980,1994,0.08093935931692434
1980,1995,0.04842894425396633
1980,1996,0.0
1980,1997,0.0
1980,1998,0.032428222466102594
1980,1999,0.0
1980,2000,0.0
1980,2001,0.0
1980,2002,0.0
1980,2003,0.0
1980,2004,0.0
1980,2005,0.0
1980,2006,0.0
1980,2007,0.0
1980,2008,0.0
1980,2009,0.0
1980,2010,0.0
1980,2011,0.0
1980,2012,0.0
1980,2013,0.0
1980,2014,0.0
1980,2015,0.0
1980,2016,0.0
1980,2017,0.0
1980,2018,0.0
1980,2019,0.0
1980,2020,0.0
1980,2021,0.0
1980,2022,0.0
1980,2023,0.0
1980,2024,0.0
1981,1968,0.0
1981,1969,0.0
1981,1970,0.0
1981,1971,0.0
1981,1972,0.0
1981,1973,0.0
1981,1974,0.0
1981,1975,0.0033913146982725317
1981,1976,0.0
1981,1977,0.06245337199358762
1981,1978,0.034373646883027575
1981,1979,0.19087383567105218
1981,1980,0.47178894805856186
1981,1981,1.0
1981,1982,0.43517941505283275
1981,1983,0.23322580017006247
1981,1984,0.21762540507338982
1981,1985,0.08821966297416663
1981,1986,0.052591775081815666
1981,1987,0.021432896669849846
1981,1988,0.0
1981,1989,0.07090189663667765
1981,1990,0.10711058392022028
1981,1991,0.07821562899257237
1981,1992,0.07466579233373326
1981,1993,0.09303898956077329
1981,1994,0.0848874943531759
1981,1995,0.05112164327163878
1981,1996,0.0
1981,1997,0.0
1981,1998,0.0345299361703811
1981,1999,0.0
1981,2000,0.0
1981,2001,0.0
1981,2002,0.0
1981,2003,0.0
1981,2004,0.0
1981,2005,0.0
1981,2006,0.0
1981,2007,0.0
1981,2008,0.0
1981,2009,0.0
1981,2010,0.0
1981,2011,0.0
1981,2012,0.0
1981,2013,0.0
1981,2014,0.0
1981,2015,0.0
1981,2016,0.0
1981,2017,0.0
1981,2018,0.0
1981,2019,0.0
1981,2020,0.0
1981,2021,0.0
1981,2022,0.0
1981,2023,0.0
1981,2024,0.0
1982,1968,0.0
1982,1969,0.0
1982,1970,0.0
1982,1971,0.0
1982,1972,0.0
1982,1973,0.0
1982,1974,0.0
1982,1975,0.0
1982,1976,0.0
1982,1977,0.06944352187411845
1982,1978,0.021423687752456826
1982,1979,0.1056401486383376
1982,1980,0.4099868481237068
1982,1981,0.43517941505283275
1982,1982,1.0
1982,1983,0.3528411137385094
1982,1984,0.2911838544522819
1982,1985,0.11124677899849254
1982,1986,0.09404988421621115
1982,1987,0.042806550855645886
1982,1988,0.0
1982,1989,0.08049156977073013
1982,1990,0.11071423338851957
1982,1991,0.08210559825757194
1982,1992,0.07808468041623104
1982,1993,0.09769128016728
1982,1994,0.08874339470343712
1982,1995,0.05378546570338864
1982,1996,0.0
1982,1997,0.0
1982,1998,0.03664551271210664
1982,1999,0.006774199170751263
1982,2000,0.0
1982,2001,0.0
1982,2002,0.0
1982,2003,0.0
1982,2004,0.0
1982,2005,0.0
1982,2006,0.0
1982,2007,0.0
1982,2008,0.0
1982,2009,0.0
1982,2010,0.0
1982,2011,0.0
1982,2012,0.0
1982,2013,0.0
1982,2014,0.0
1982,2015,0.0
1982,2016,0.0
1982,2017,0.0
1982,2018,0.0
1982,2019,0.0
1982,2020,0.0
1982,2021,0.0
1982,2022,0.0
1982,2023,0.0
1982,2024,0.0
1983,1968,0.0
1983,1969,0.0
1983,1970,0.0
1983,1971,0.0
1983,1972,0.0
1983,1973,0.0
1983,1974,0.0
1983,1975,0.009176480332434038
1983,1976,0.0
1983,1977,0.02322702671770669
1983,1978,0.0
1983,1979,0.0783746878809153
1983,1980,0.19320126693194437
1983,1981,0.23322580017006247
1983,1982,0.3528411137385094
1983,1983,1.0
1983,1984,0.30441812459284023
1983,1985,0.12013410215623897
1983,1986,0.11434619723409886
1983,1987,0.09163182874444771
1983,1988,0.030937991833127475
1983,1989,0.1169758050344674
1983,1990,0.11752821669388783
1983,1991,0.07775095484923666
1983,1992,0.10771568711509523
1983,1993,0.09248341256293542
1983,1994,0.0844247629333801
1983,1995,0.050804241253522876
1983,1996,0.0
1983,1997,0.0
1983,1998,0.034280291771905565
1983,1999,0.01621791559312112
1983,2000,0.0
1983,2001,0.0
1983,2002,0.0
1983,2003,0.0
1983,2004,0.0
1983,2005,0.0
1983,2006,0.0
1983,2007,0.0
1983,2008,0.0
1983,2009,0.0
1983,2010,0.0
1983,2011,0.0
1983,2012,0.0
1983,2013,0.0
1983,2014,0.0
1983,2015,0.0
1983,2016,0.0
1983,2017,0.0
1983,2018,0.0
1983,2019,0.0
1983,2020,0.0
1983,2021,0.0
1983,2022,0.0
1983,2023,0.0
1983,2024,0.0
1984,1968,0.0
1984,1969,0.0
1984,1970,0.0
1984,1971,0.0
1984,1972,0.0
1984,1973,0.0
1984,1974,0.0
1984,1975,0.0
1984,1976,0.0
1984,1977,0.00015037560234406388
1984,1978,0.017323273835322204
1984,1979,0.043439817046520585
1984,1980,0.20709229371190477
1984,1981,0.21762540507338982
1984,1982,0.2911838544522819
1984,1983,0.30441812459284023
1984,1984,1.0
1984,1985,0.1515561085229803
1984,1986,0.17222693438572223
1984,1987,0.1261879611519738
1984,1988,0.042844821837905674
1984,1989,0.14921809311045744
1984,1990,0.10202413185405666
1984,1991,0.06987356299155821
1984,1992,0.10213132590673862
1984,1993,0.0884474288484937
1984,1994,0.07651032764876828
1984,1995,0.045449388664293884
1984,1996,0.0
1984,1997,0.0
1984,1998,0.030144583189527292
1984,1999,0.02140607453843565
1984,2000,0.0
1984,2001,0.0
1984,2002,0.0
1984,2003,0.0
1984,2004,0.0
1984,2005,0.0
1984,2006,0.0
1984,2007,0.0
1984,2008,0.0
1984,2009,0.0
1984,2010,0.0
1984,2011,0.0
1984,2012,0.0
1984,2013,0.0
1984,2014,0.0
1984,2015,0.0
1984,2016,0.0
1984,2017,0.0
1984,2018,0.0
1984,2019,0.0
1984,2020,0.0
1984,2021,0.0
1984,2022,0.0
1984,2023,0.0
1984,2024,0.0
1985,1968,0.0
1985,1969,0.0
1985,1970,0.0
1985,1971,0.0
1985,1972,0.0
1985,1973,0.0
1985,1974,0.0
1985,1975,0.0
1985,1976,0.0
1985,1977,0.014965885593819667
1985,1978,0.011063895854920531
1985,1979,0.03338638985202432
1985,1980,0.06979484377328496
1985,1981,0.08821966297416663
1985,1982,0.11124677899849254
1985,1983,0.12013410215623897
1985,1984,0.1515561085229803
1985,1985,1.0
1985,1986,0.25143260292787634
1985,1987,0.12425436128306135
1985,1988,0.021719475139490803
1985,1989,0.04641465653745213
1985,1990,0.0231624752908395
1985,1991,0.017422677266942136
1985,1992,0.01455182631060441
1985,1993,0.0
1985,1994,0.034422097161660406
1985,1995,0.01552040911024102
1985,1996,0.0
1985,1997,0.004296392941284016
1985,1998,0.0
1985,1999,0.018949949040549977
1985,2000,0.0
1985,2001,0.0
1985,2002,0.0
1985,2003,0.0
1985,2004,0.0
1985,2005,0.0
1985,2006,0.0
1985,2007,0.0
1985,2008,0.0
1985,2009,0.0
1985,2010,0.0
1985,2011,0.0
1985,2012,0.0
1985,2013,0.0
1985,2014,0.0
1985,2015,0.0
1985,2016,0.0
1985,2017,0.0
1985,2018,0.0
1985,2019,0.0
1985,2020,0.0
1985,2021,0.0
1985,2022,0.0
1985,2023,0.0
1985,2024,0.0
1986,1968,0.0
1986,1969,0.0
1986,1970,0.0
1986,1971,0.0
1986,1972,0.0
1986,1973,0.0
1986,1974,0.0
1986,1975,0.0
1986,1976,0.0
1986,1977,0.014400159369352706
1986,1978,0.0
1986,1979,0.01704859957932027
1986,1980,0.0607661822985469
1986,1981,0.052591775081815666
1986,1982,0.09404988421621115
1986,1983,0.11434619723409886
1986,1984,0.17222693438572223
1986,1985,0.25143260292787634
1986,1986,1.0
1986,1987,0.2679400370301373
1986,1988,0.1318650513824632
1986,1989,0.15336752639015516
1986,1990,0.0872962867047401
1986,1991,0.05687181598074153
1986,1992,0.058956811936061414
1986,1993,0.006547809918893627
1986,1994,0.010180361766497606
1986,1995,0.011537570276865857
1986,1996,0.0027756041823700285
1986,1997,0.004128900168483014
1986,1998,0.0
1986,1999,0.01814034616932779
1986,2000,0.0
1986,2001,0.0
1986,2002,0.0
1986,2003,0.0
1986,2004,0.0
1986,2005,0.0
1986,2006,0.0
1986,2007,0.0
1986,2008,0.0
1986,2009,0.0
1986,2010,0.0
1986,2011,0.0
1986,2012,0.0
1986,2013,0.0
1986,2014,0.0
1986,2015,0.0
1986,2016,0.0
1986,2017,0.0
1986,2018,0.0
1986,2019,0.0
1986,2020,0.0
1986,2021,0.0
1986,2022,0.0
1986,2023,0.0
1986,2024,0.0
1987,1968,0.0
1987,1969,0.0
1987,1970,0.0
1987,1971,0.0
1987,1972,0.0
1987,1973,0.0
1987,1974,0.0
1987,1975,0.0
1987,1976,0.0
1987,1977,0.0
1987,1978,0.0
1987,1979,0.017957219777942242
1987,1980,0.02046753148304322
1987,1981,0.021432896669849846
1987,1982,0.042806550855645886
1987,1983,0.09163182874444771
1987,1984,0.1261879611519738
1987,1985,0.12425436128306135
1987,1986,0.2679400370301373
1987,1987,1.0
1987,1988,0.28769020994045896
1987,1989,0.32591960817846743
1987,1990,0.20991083588729206
1987,1991,0.10185496566020634
1987,1992,0.23033724365181174
1987,1993,0.08044416838011563
1987,1994,0.09956013581583915
1987,1995,0.14364766465523293
1987,1996,0.12032378144990584
1987,1997,0.06847507891125573
1987,1998,0.0
1987,1999,0.018947996183206108
1987,2000,0.0
1987,2001,0.0
1987,2002,0.0
1987,2003,0.0
1987,2004,0.0
1987,2005,0.0
1987,2006,0.0
1987,2007,0.0
1987,2008,0.0
1987,2009,0.0
1987,2010,0.0
1987,2011,0.0
1987,2012,0.0
1987,2013,0.0
1987,2014,0.0
1987,2015,0.0
1987,2016,0.0
1987,2017,0.0
1987,2018,0.0
1987,2019,0.0
1987,2020,0.0
1987,2021,0.0
1987,2022,0.0
1987,2023,0.0
1987,2024,0.0
1988,1968,0.0
1988,1969,0.0
1988,1970,0.0
1988,1971,0.0
1988,1972,0.0
1988,1973,0.0
1988,1974,0.0
1988,1975,0.0
1988,1976,0.0
1988,1977,0.0
1988,1978,0.0
1988,1979,0.0
1988,1980,0.0
1988,1981,0.0
1988,1982,0.0
1988,1983,0.030937991833127475
1988,1984,0.042844821837905674
1988,1985,0.021719475139490803
1988,1986,0.1318650513824632
1988,1987,0.28769020994045896
1988,1988,1.0
1988,1989,0.40791880337084957
1988,1990,0.3870115720438778
1988,1991,0.26522034197154803
1988,1992,0.18025396699912144
1988,1993,0.08135600947431418
1988,1994,0.05907085341248429
1988,1995,0.07289269826268628
1988,1996,0.056922064038162225
1988,1997,0.028866706925066307
1988,1998,0.0
1988,1999,0.0
1988,2000,0.0
1988,2001,0.0
1988,2002,0.0
1988,2003,0.0
1988,2004,0.0
1988,2005,0.0
1988,2006,0.0
1988,2007,0.0
1988,2008,0.0
1988,2009,0.0
1988,2010,0.0
1988,2011,0.0
1988,2012,0.0
1988,2013,0.0
1988,2014,0.0
1988,2015,0.0
1988,2016,0.0
1988,2017,0.0
1988,2018,0.0
1988,2019,0.0
1988,2020,0.0
1988,2021,0.0
1988,2022,0.0
1988,2023,0.0
1988,2024,0.0
1989,1968,0.0
1989,1969,0.0
1989,1970,0.0
1989,1971,0.0
1989,1972,0.0
1989,1973,0.0
1989,1974,0.0
1989,1975,0.0
1989,1976,0.0
1989,1977,0.0
1989,1978,0.0
1989,1979,0.0
1989,1980,0.06794893534555849
1989,1981,0.07090189663667765
1989,1982,0.08049156977073013
1989,1983,0.1169758050344674
1989,1984,0.14921809311045744
1989,1985,0.04641465653745213
1989,1986,0.15336752639015516
1989,1987,0.32591960817846743
1989,1988,0.40791880337084957
1989,1989,1.0
1989,1990,0.3779795770046764
1989,1991,0.3317981398971218
1989,1992,0.2659062417004767
1989,1993,0.13343508218819453
1989,1994,0.10478511691235466
1989,1995,0.14364227728843904
1989,1996,0.06651966075796267
1989,1997,0.04136872535427439
1989,1998,0.022517761006907742
1989,1999,0.017005018492883626
1989,2000,0.0
1989,2001,0.0
1989,2002,0.0
1989,2003,0.0
1989,2004,0.0
1989,2005,0.0
1989,2006,0.0
1989,2007,0.0
1989,2008,0.0
1989,2009,0.0
1989,2010,0.0
1989,2011,0.0
1989,2012,0.0
1989,2013,0.0
1989,2014,0.0
1989,2015,0.0
1989,2016,0.0
1989,2017,0.0
1989,2018,0.0
1989,2019,0.0
1989,2020,0.0
1989,2021,0.0
1989,2022,0.0
1989,2023,0.0
1989,2024,0.0
1990,1968,0.0
1990,1969,0.0
1990,1970,0.0
1990,1971,0.0
1990,1972,0.0
1990,1973,0.0
1990,1974,0.0
1990,1975,0.0014415539952068333
1990,1976,0.0
1990,1977,0.0018666336463486984
1990,1978,0.0
1990,1979,0.001854708388423682
1990,1980,0.10101579560467176
1990,1981,0.10711058392022028
1990,1982,0.11071423338851957
1990,1983,0.11752821669388783
1990,1984,0.10202413185405666
1990,1985,0.0231624752908395
1990,1986,0.0872962867047401
1990,1987,0.20991083588729206
1990,1988,0.3870115720438778
1990,1989,0.3779795770046764
1990,1990,1.0
1990,1991,0.2901257477636982
1990,1992,0.2581981714657631
1990,1993,0.15844245526848882
1990,1994,0.12223659137669647
1990,1995,0.11596957197523396
1990,1996,0.05557152039928915
1990,1997,0.04587889808206392
1990,1998,0.03067619262987579
1990,1999,0.0
1990,2000,0.0
1990,2001,0.0
1990,2002,0.0
1990,2003,0.0
1990,2004,0.0
1990,2005,0.0
1990,2006,0.0
1990,2007,0.0
1990,2008,0.0
1990,2009,0.0
1990,2010,0.0
1990,2011,0.0
1990,2012,0.0
1990,2013,0.0
1990,2014,0.0
1990,2015,0.0
1990,2016,0.0
1990,2017,0.0
1990,2018,0.0
1990,2019,0.0
1990,2020,0.0
1990,2021,0.0
1990,2022,0.0
1990,2023,0.0
1990,2024,0.0
1991,1968,0.0
1991,1969,0.0
1991,1970,0.0
1991,1971,0.0
1991,1972,0.0
1991,1973,0.0
1991,1974,0.0
1991,1975,0.0
1991,1976,0.0
1991,1977,0.0
1991,1978,0.0
1991,1979,0.0
1991,1980,0.07426557164995089
1991,1981,0.07821562899257237
1991,1982,0.08210559825757194
1991,1983,0.07775095484923666
1991,1984,0.06987356299155821
1991,1985,0.017422677266942136
1991,1986,0.05687181598074153
1991,1987,0.10185496566020634
1991,1988,0.26522034197154803
1991,1989,0.3317981398971218
1991,1990,0.2901257477636982
1991,1991,1.0
1991,1992,0.2515716354793864
1991,1993,0.18510658841217406
1991,1994,0.12839528406608725
1991,1995,0.10943031154609373
1991,1996,0.04730782716229652
1991,1997,0.023121347171033358
1991,1998,0.027619254036699573
1991,1999,0.0
1991,2000,0.0
1991,2001,0.0
1991,2002,0.0
1991,2003,0.0
1991,2004,0.0
1991,2005,0.0
1991,2006,0.0
1991,2007,0.0
1991,2008,0.0
1991,2009,0.0
1991,2010,0.0
1991,2011,0.0
1991,2012,0.0
1991,2013,0.0
1991,2014,0.0
1991,2015,0.0
1991,2016,0.0
1991,2017,0.0
1991,2018,0.0
1991,2019,0.0
1991,2020,0.0
1991,2021,0.0
1991,2022,0.0
1991,2023,0.0
1991,2024,0.0
1992,1968,0.0
1992,1969,0.0
1992,1970,0.0
1992,1971,0.0
1992,1972,0.0
1992,1973,0.0
1992,1974,0.0
1992,1975,0.0
1992,1976,0.0
1992,1977,0.0
1992,1978,0.0
1992,1979,0.0
1992,1980,0.07116759880458429
1992,1981,0.07466579233373326
1992,1982,0.07808468041623104
1992,1983,0.10771568711509523
1992,1984,0.10213132590673862
1992,1985,0.01455182631060441
1992,1986,0.058956811936061414
1992,1987,0.23033724365181174
1992,1988,0.18025396699912144
1992,1989,0.2659062417004767
1992,1990,0.2581981714657631
1992,1991,0.2515716354793864
1992,1992,1.0
1992,1993,0.277314271862219
1992,1994,0.2128823522519763
1992,1995,0.24256938050554305
1992,1996,0.13764783616301246
1992,1997,0.06848327174401445
1992,1998,0.02551432424481798
1992,1999,0.0
1992,2000,0.0
1992,2001,0.0
1992,2002,0.0
1992,2003,0.0
1992,2004,0.0
1992,2005,0.0
1992,2006,0.0
1992,2007,0.0
1992,2008,0.0
1992,2009,0.0
1992,2010,0.0
1992,2011,0.0
1992,2012,0.0
1992,2013,0.0
1992,2014,0.0
1992,2015,0.0
1992,2016,0.0
1992,2017,0.0
1992,2018,0.0
1992,2019,0.0
1992,2020,0.0
1992,2021,0.0
1992,2022,0.0
1992,2023,0.0
1992,2024,0.0
1993,1968,0.0
1993,1969,0.0
1993,1970,0.0
1993,1971,0.0
1993,1972,0.0
1993,1973,0.0
1993,1974,0.0
1993,1975,0.0
1993,1976,0.0
1993,1977,0.0
1993,1978,0.0
1993,1979,0.0
1993,1980,0.08831728080394545
1993,1981,0.09303898956077329
1993,1982,0.09769128016728
1993,1983,0.09248341256293542
1993,1984,0.0884474288484937
1993,1985,0.0
1993,1986,0.006547809918893627
1993,1987,0.08044416838011563
1993,1988,0.08135600947431418
1993,1989,0.13343508218819453
1993,1990,0.15844245526848882
1993,1991,0.18510658841217406
1993,1992,0.277314271862219
1993,1993,1.0
1993,1994,0.33022556473647463
1993,1995,0.25216004553625015
1993,1996,0.08161728896887321
1993,1997,0.030627157344970634
1993,1998,0.027373635939014766
1993,1999,0.0
1993,2000,0.0
1993,2001,0.0
1993,2002,0.0
1993,2003,0.0
1993,2004,0.0
1993,2005,0.0
1993,2006,0.0
1993,2007,0.0
1993,2008,0.0
1993,2009,0.0
1993,2010,0.0
1993,2011,0.0
1993,2012,0.0
1993,2013,0.0
1993,2014,0.0
1993,2015,0.0
1993,2016,0.0
1993,2017,0.0
1993,2018,0.0
1993,2019,0.0
1993,2020,0.0
1993,2021,0.0
1993,2022,0.0
1993,2023,0.0
1993,2024,0.0
1994,1968,0.0
1994,1969,0.0
1994,1970,0.0
1994,1971,0.0
1994,1972,0.0
1994,1973,0.0
1994,1974,0.0
1994,1975,0.0
1994,1976,0.0
1994,1977,0.0
1994,1978,0.0
1994,1979,0.0
1994,1980,0.08093935931692434
1994,1981,0.0848874943531759
1994,1982,0.08874339470343712
1994,1983,0.0844247629333801
1994,1984,0.07651032764876828
1994,1985,0.034422097161660406
1994,1986,0.010180361766497606
1994,1987,0.09956013581583915
1994,1988,0.05907085341248429
1994,1989,0.10478511691235466
1994,1990,0.12223659137669647
1994,1991,0.12839528406608725
1994,1992,0.2128823522519763
1994,1993,0.33022556473647463
1994,1994,1.0
1994,1995,0.34165178086933057
1994,1996,0.15068467233688318
1994,1997,0.07164549037940278
1994,1998,0.03200102124610127
1994,1999,0.004434013074410416
1994,2000,0.0
1994,2001,0.0
1994,2002,0.0
1994,2003,0.0
1994,2004,0.0
1994,2005,0.0
1994,2006,0.0
1994,2007,0.0
1994,2008,0.0
1994,2009,0.0
1994,2010,0.0
1994,2011,0.0
1994,2012,0.0
1994,2013,0.0
1994,2014,0.0
1994,2015,0.0
1994,2016,0.0
1994,2017,0.0
1994,2018,0.0
1994,2019,0.0
1994,2020,0.0
1994,2021,0.0
1994,2022,0.0
1994,2023,0.0
1994,2024,0.0
1995,1968,0.0
1995,1969,0.0
1995,1970,0.0
1995,1971,0.0
1995,1972,0.0
1995,1973,0.0
1995,1974,0.0
1995,1975,0.0
1995,1976,0.0
1995,1977,0.0
1995,1978,0.0
1995,1979,0.0
1995,1980,0.04842894425396633
1995,1981,0.05112164327163878
1995,1982,0.05378546570338864
1995,1983,0.050804241253522876
1995,1984,0.045449388664293884
1995,1985,0.01552040911024102
1995,1986,0.011537570276865857
1995,1987,0.14364766465523293
1995,1988,0.07289269826268628
1995,1989,0.14364227728843904
1995,1990,0.11596957197523396
1995,1991,0.10943031154609373
1995,1992,0.24256938050554305
1995,1993,0.25216004553625015
1995,1994,0.34165178086933057
1995,1995,1.0
1995,1996,0.2819353935570138
1995,1997,0.13281471501585185
1995,1998,0.04812480042203041
1995,1999,0.011456796712314594
1995,2000,0.015950076648010195
1995,2001,0.012341014725754171
1995,2002,0.0
1995,2003,0.0
1995,2004,0.0
1995,2005,0.0
1995,2006,0.0
1995,2007,0.0
1995,2008,0.0
1995,2009,0.0
1995,2010,0.0
1995,2011,0.0
1995,2012,0.0
1995,2013,0.0
1995,2014,0.0
1995,2015,0.0
1995,2016,0.0
1995,2017,0.0
1995,2018,0.0
1995,2019,0.0
1995,2020,0.0
1995,2021,0.0
1995,2022,0.0
1995,2023,0.0
1995,2024,0.0
1996,1968,0.0
1996,1969,0.0
1996,1970,0.0
1996,1971,0.0
1996,1972,0.0
1996,1973,0.0
1996,1974,0.0
1996,1975,0.0
1996,1976,0.0
1996,1977,0.0
1996,1978,0.0
1996,1979,0.0
1996,1980,0.0
1996,1981,0.0
1996,1982,0.0
1996,1983,0.0
1996,1984,0.0
1996,1985,0.0
1996,1986,0.0027756041823700285
1996,1987,0.12032378144990584
1996,1988,0.056922064038162225
1996,1989,0.06651966075796267
1996,1990,0.05557152039928915
1996,1991,0.04730782716229652
1996,1992,0.13764783616301246
1996,1993,0.08161728896887321
1996,1994,0.15068467233688318
1996,1995,0.2819353935570138
1996,1996,1.0
1996,1997,0.19121392206767351
1996,1998,0.05897031932724025
1996,1999,0.02776030849323024
1996,2000,0.016791314178074442
1996,2001,0.01321100640356628
1996,2002,0.0
1996,2003,0.0
1996,2004,0.0
1996,2005,0.0
1996,2006,0.0
1996,2007,0.0
1996,2008,0.0
1996,2009,0.0
1996,2010,0.0
1996,2011,0.0
1996,2012,0.0
1996,2013,0.0
1996,2014,0.0
1996,2015,0.0
1996,2016,0.0
1996,2017,0.0
1996,2018,0.0
1996,2019,0.0
1996,2020,0.0
1996,2021,0.0
1996,2022,0.0
1996,2023,0.0
1996,2024,0.0
1997,1968,0.0
1997,1969,0.0
1997,1970,0.0
1997,1971,0.0
1997,1972,0.0
1997,1973,0.0
1997,1974,0.0
1997,1975,0.0
1997,1976,0.0
1997,1977,0.0
1997,1978,0.0
1997,1979,0.0
1997,1980,0.0
1997,1981,0.0
1997,1982,0.0
1997,1983,0.0
1997,1984,0.0
1997,1985,0.004296392941284016
1997,1986,0.004128900168483014
1997,1987,0.06847507891125573
1997,1988,0.028866706925066307
1997,1989,0.04136872535427439
1997,1990,0.04587889808206392
1997,1991,0.023121347171033358
1997,1992,0.06848327174401445
1997,1993,0.030627157344970634
1997,1994,0.07164549037940278
1997,1995,0.13281471501585185
1997,1996,0.19121392206767351
1997,1997,1.0
1997,1998,0.14673793979757263
1997,1999,0.09231463464822189
1997,2000,0.045813662146643626
1997,2001,0.038572712535361875
1997,2002,0.0
1997,2003,0.0
1997,2004,0.0
1997,2005,0.0
1997,2006,0.0
1997,2007,0.0
1997,2008,0.0
1997,2009,0.0
1997,2010,0.0
1997,2011,0.0
1997,2012,0.0
1997,2013,0.0
1997,2014,0.0
1997,2015,0.0
1997,2016,0.0
1997,2017,0.0
1997,2018,0.0
1997,2019,0.0
1997,2020,0.0
1997,2021,0.0
1997,2022,0.0
1997,2023,0.0
1997,2024,0.0
1998,1968,0.0
1998,1969,0.0
1998,1970,0.0
1998,1971,0.0
1998,1972,0.0
1998,1973,0.0
1998,1974,0.0
1998,1975,0.0
1998,1976,0.0
1998,1977,0.0
1998,1978,0.0
1998,1979,0.0
1998,1980,0.032428222466102594
1998,1981,0.0345299361703811
1998,1982,0.03664551271210664
1998,1983,0.034280291771905565
1998,1984,0.030144583189527292
1998,1985,0.0
1998,1986,0.0
1998,1987,0.0
1998,1988,0.0
1998,1989,0.022517761006907742
1998,1990,0.03067619262987579
1998,1991,0.027619254036699573
1998,1992,0.02551432424481798
1998,1993,0.027373635939014766
1998,1994,0.03200102124610127
1998,1995,0.04812480042203041
1998,1996,0.05897031932724025
1998,1997,0.14673793979757263
1998,1998,1.0
1998,1999,0.1615661221835431
1998,2000,0.09679710729494241
1998,2001,0.03504388145046106
1998,2002,0.0021924272760154933
1998,2003,0.00232038000660919
1998,2004,0.0020366366253557213
1998,2005,0.0017691968873880491
1998,2006,0.0019489568208616343
1998,2007,0.0020345776038124073
1998,2008,0.0018809507181600205
1998,2009,0.0
1998,2010,0.0
1998,2011,0.0
1998,2012,0.0
1998,2013,0.0
1998,2014,0.0
1998,2015,0.0
1998,2016,0.0
1998,2017,0.0
1998,2018,0.0
1998,2019,0.0
1998,2020,0.0
1998,2021,0.0
1998,2022,0.0
1998,2023,0.0
1998,2024,0.0
1999,1968,0.0
1999,1969,0.0
1999,1970,0.0
1999,1971,0.0
1999,1972,0.0
1999,1973,0.0
1999,1974,0.0
1999,1975,0.0
1999,1976,0.0
1999,1977,0.0
1999,1978,0.0
1999,1979,0.0
1999,1980,0.0
1999,1981,0.0
1999,1982,0.006774199170751263
1999,1983,0.01621791559312112
1999,1984,0.02140607453843565
1999,1985,0.018949949040549977
1999,1986,0.01814034616932779
1999,1987,0.018947996183206108
1999,1988,0.0
1999,1989,0.017005018492883626
1999,1990,0.0
1999,1991,0.0
1999,1992,0.0
1999,1993,0.0
1999,1994,0.004434013074410416
1999,1995,0.011456796712314594
1999,1996,0.02776030849323024
1999,1997,0.09231463464822189
1999,1998,0.1615661221835431
1999,1999,1.0
1999,2000,0.4055368358267419
1999,2001,0.2247610696142381
1999,2002,0.1339072862290696
1999,2003,0.13470531670954114
1999,2004,0.06655174850045564
1999,2005,0.01975086051466973
1999,2006,0.021418845524226245
1999,2007,0.022195187637559087
1999,2008,0.002717171483711417
1999,2009,0.0
1999,2010,0.0
1999,2011,0.0
1999,2012,0.0
1999,2013,0.0
1999,2014,0.0
1999,2015,0.0
1999,2016,0.0
1999,2017,0.0
1999,2018,0.0
1999,2019,0.0
1999,2020,0.0
1999,2021,0.0
1999,2022,0.0
1999,2023,0.0
1999,2024,0.0
2000,1968,0.0
2000,1969,0.0
2000,1970,0.0
2000,1971,0.0
2000,1972,0.0
2000,1973,0.0
2000,1974,0.0
2000,1975,0.0
2000,1976,0.0
2000,1977,0.0
2000,1978,0.0
2000,1979,0.0
2000,1980,0.0
2000,1981,0.0
2000,1982,0.0
2000,1983,0.0
2000,1984,0.0
2000,1985,0.0
2000,1986,0.0
2000,1987,0.0
2000,1988,0.0
2000,1989,0.0
2000,1990,0.0
2000,1991,0.0
2000,1992,0.0
2000,1993,0.0
2000,1994,0.0
2000,1995,0.015950076648010195
2000,1996,0.016791314178074442
2000,1997,0.045813662146643626
2000,1998,0.09679710729494241
2000,1999,0.4055368358267419
2000,2000,1.0
2000,2001,0.4015506133508998
2000,2002,0.17924392333191672
2000,2003,0.1709485368330291
2000,2004,0.10623308013955213
2000,2005,0.045852893014462166
2000,2006,0.05020634712917363
2000,2007,0.02082970193480914
2000,2008,0.002963849240905623
2000,2009,0.0
2000,2010,0.0
2000,2011,0.0
2000,2012,0.0
2000,2013,0.0
2000,2014,0.0
2000,2015,0.0
2000,2016,0.0
2000,2017,0.0
2000,2018,0.0
2000,2019,0.0
2000,2020,0.0
2000,2021,0.0
2000,2022,0.0
2000,2023,0.0
2000,2024,0.0
2001,1968,0.0
2001,1969,0.0
2001,1970,0.0
2001,1971,0.0
2001,1972,0.0
2001,1973,0.0
2001,1974,0.0
2001,1975,0.0
2001,1976,0.0
2001,1977,0.0
2001,1978,0.0
2001,1979,0.0
2001,1980,0.0
2001,1981,0.0
2001,1982,0.0
2001,1983,0.0
2001,1984,0.0
2001,1985,0.0
2001,1986,0.0
2001,1987,0.0
2001,1988,0.0
2001,1989,0.0
2001,1990,0.0
2001,1991,0.0
2001,1992,0.0
2001,1993,0.0
2001,1994,0.0
2001,1995,0.012341014725754171
2001,1996,0.01321100640356628
2001,1997,0.038572712535361875
2001,1998,0.03504388145046106
2001,1999,0.2247610696142381
2001,2000,0.4015506133508998
2001,2001,1.0
2001,2002,0.36279579310637505
2001,2003,0.2939552745774931
2001,2004,0.2088687227619847
2001,2005,0.07352564811339159
2001,2006,0.07645632293395176
2001,2007,0.02983277773027281
2001,2008,0.002878805993480337
2001,2009,0.0
2001,2010,0.0
2001,2011,0.0
2001,2012,0.0
2001,2013,0.0
2001,2014,0.0
2001,2015,0.0
2001,2016,0.0
2001,2017,0.0
2001,2018,0.0
2001,2019,0.0
2001,2020,0.0
2001,2021,0.0
2001,2022,0.0
2001,2023,0.0
2001,2024,0.0
2002,1968,0.0
2002,1969,0.0
2002,1970,0.0
2002,1971,0.0
2002,1972,0.0
2002,1973,0.0
2002,1974,0.0
2002,1975,0.0
2002,1976,0.0
2002,1977,0.0
2002,1978,0.0
2002,1979,0.0
2002,1980,0.0
2002,1981,0.0
2002,1982,0.0
2002,1983,0.0
2002,1984,0.0
2002,1985,0.0
2002,1986,0.0
2002,1987,0.0
2002,1988,0.0
2002,1989,0.0
2002,1990,0.0
2002,1991,0.0
2002,1992,0.0
2002,1993,0.0
2002,1994,0.0
2002,1995,0.0
2002,1996,0.0
2002,1997,0.0
2002,1998,0.0021924272760154933
2002,1999,0.1339072862290696
2002,2000,0.17924392333191672
2002,2001,0.36279579310637505
2002,2002,1.0
2002,2003,0.4745893201696944
2002,2004,0.23309956657837705
2002,2005,0.10479438038706575
2002,2006,0.13127179142908096
2002,2007,0.05259396411552958
2002,2008,0.02492417369763573
2002,2009,0.01698626116248552
2002,2010,0.024019323955404816
2002,2011,0.007422810326224132
2002,2012,0.0
2002,2013,0.0
2002,2014,0.0
2002,2015,0.0
2002,2016,0.0
2002,2017,0.0
2002,2018,0.0
2002,2019,0.0
2002,2020,0.0
2002,2021,0.0
2002,2022,0.0
2002,2023,0.0
2002,2024,0.0
2003,1968,0.0
2003,1969,0.0
2003,1970,0.0
2003,1971,0.0
2003,1972,0.0
2003,1973,0.0
2003,1974,0.0
2003,1975,0.0
2003,1976,0.0
2003,1977,0.0
2003,1978,0.0
2003,1979,0.0
2003,1980,0.0
2003,1981,0.0
2003,1982,0.0
2003,1983,0.0
2003,1984,0.0
2003,1985,0.0
2003,1986,0.0
2003,1987,0.0
2003,1988,0.0
2003,1989,0.0
2003,1990,0.0
2003,1991,0.0
2003,1992,0.0
2003,1993,0.0
2003,1994,0.0
2003,1995,0.0
2003,1996,0.0
2003,1997,0.0
2003,1998,0.00232038000660919
2003,1999,0.13470531670954114
2003,2000,0.1709485368330291
2003,2001,0.2939552745774931
2003,2002,0.4745893201696944
2003,2003,1.0
2003,2004,0.30620740973056454
2003,2005,0.14388476444682757
2003,2006,0.1319039548737147
2003,2007,0.06560639947165886
2003,2008,0.03976394424594142
2003,2009,0.017648681256017557
2003,2010,0.02954977338595376
2003,2011,0.014863344234970214
2003,2012,0.0
2003,2013,0.0
2003,2014,0.0
2003,2015,0.0
2003,2016,0.0
2003,2017,0.0
2003,2018,0.0
2003,2019,0.0
2003,2020,0.0
2003,2021,0.0
2003,2022,0.0
2003,2023,0.0
2003,2024,0.0
2004,1968,0.0
2004,1969,0.0
2004,1970,0.0
2004,1971,0.0
2004,1972,0.0
2004,1973,0.0
2004,1974,0.0
2004,1975,0.0
2004,1976,0.0
2004,1977,0.0
2004,1978,0.0
2004,1979,0.0
2004,1980,0.0
2004,1981,0.0
2004,1982,0.0
2004,1983,0.0
2004,1984,0.0
2004,1985,0.0
2004,1986,0.0
2004,1987,0.0
2004,1988,0.0
2004,1989,0.0
2004,1990,0.0
2004,1991,0.0
2004,1992,0.0
2004,1993,0.0
2004,1994,0.0
2004,1995,0.0
2004,1996,0.0
2004,1997,0.0
2004,1998,0.0020366366253557213
2004,1999,0.06655174850045564
2004,2000,0.10623308013955213
2004,2001,0.2088687227619847
2004,2002,0.23309956657837705
2004,2003,0.30620740973056454
2004,2004,1.0
2004,2005,0.2867422000633679
2004,2006,0.12202004633176125
2004,2007,0.04742638222248119
2004,2008,0.07852910978001579
2004,2009,0.0
2004,2010,0.0026568599547497833
2004,2011,0.0063100857187365755
2004,2012,0.0
2004,2013,0.0
2004,2014,0.0
2004,2015,0.0
2004,2016,0.0
2004,2017,0.0
2004,2018,0.0
2004,2019,0.0
2004,2020,0.0
2004,2021,0.0
2004,2022,0.0
2004,2023,0.0
2004,2024,0.0
2005,1968,0.0
2005,1969,0.0
2005,1970,0.0
2005,1971,0.0
2005,1972,0.0
2005,1973,0.0
2005,1974,0.0
2005,1975,0.0
2005,1976,0.0
2005,1977,0.0
2005,1978,0.0
2005,1979,0.0
2005,1980,0.0
2005,1981,0.0
2005,1982,0.0
2005,1983,0.0
2005,1984,0.0
2005,1985,0.0
2005,1986,0.0
2005,1987,0.0
2005,1988,0.0
2005,1989,0.0
2005,1990,0.0
2005,1991,0.0
2005,1992,0.0
2005,1993,0.0
2005,1994,0.0
2005,1995,0.0
2005,1996,0.0
2005,1997,0.0
2005,1998,0.0017691968873880491
2005,1999,0.01975086051466973
2005,2000,0.045852893014462166
2005,2001,0.07352564811339159
2005,2002,0.10479438038706575
2005,2003,0.14388476444682757
2005,2004,0.2867422000633679
2005,2005,1.0
2005,2006,0.4069538931703428
2005,2007,0.32361183192448884
2005,2008,0.1424637743475083
2005,2009,0.014607704763306695
2005,2010,0.035608550835816474
2005,2011,0.011945721242657525
2005,2012,0.0
2005,2013,0.0
2005,2014,0.0
2005,2015,0.0
2005,2016,0.0
2005,2017,0.0003962191371512543
2005,2018,0.00046200972676601747
2005,2019,0.0
2005,2020,0.0
2005,2021,0.0
2005,2022,0.0
2005,2023,0.0
2005,2024,0.0
2006,1968,0.0
2006,1969,0.0
2006,1970,0.0
2006,1971,0.0
2006,1972,0.0
2006,1973,0.0
2006,1974,0.0
2006,1975,0.0
2006,1976,0.0
2006,1977,0.0
2006,1978,0.0
2006,1979,0.0
2006,1980,0.0
2006,1981,0.0
2006,1982,0.0
2006,1983,0.0
2006,1984,0.0
2006,1985,0.0
2006,1986,0.0
2006,1987,0.0
2006,1988,0.0
2006,1989,0.0
2006,1990,0.0
2006,1991,0.0
2006,1992,0.0
2006,1993,0.0
2006,1994,0.0
2006,1995,0.0
2006,1996,0.0
2006,1997,0.0
2006,1998,0.0019489568208616343
2006,1999,0.021418845524226245
2006,2000,0.05020634712917363
2006,2001,0.07645632293395176
2006,2002,0.13127179142908096
2006,2003,0.1319039548737147
2006,2004,0.12202004633176125
2006,2005,0.4069538931703428
2006,2006,1.0
2006,2007,0.31425419228696966
2006,2008,0.09135329729896764
2006,2009,0.015655099852089804
2006,2010,0.03684548542786849
2006,2011,0.01293134269027677
2006,2012,0.0
2006,2013,0.0
2006,2014,0.0
2006,2015,0.0
2006,2016,0.0
2006,2017,0.0
2006,2018,0.0
2006,2019,0.0
2006,2020,0.0
2006,2021,0.0
2006,2022,0.0
2006,2023,0.0
2006,2024,0.0
2007,1968,0.0
2007,1969,0.0
2007,1970,0.0
2007,1971,0.0
2007,1972,0.0
2007,1973,0.0
2007,1974,0.0
2007,1975,0.0
2007,1976,0.0
2007,1977,0.0
2007,1978,0.0
2007,1979,0.0
2007,1980,0.0
2007,1981,0.0
2007,1982,0.0
2007,1983,0.0
2007,1984,0.0
2007,1985,0.0
2007,1986,0.0
2007,1987,0.0
2007,1988,0.0
2007,1989,0.0
2007,1990,0.0
2007,1991,0.0
2007,1992,0.0
2007,1993,0.0
2007,1994,0.0
2007,1995,0.0
2007,1996,0.0
2007,1997,0.0
2007,1998,0.0020345776038124073
2007,1999,0.022195187637559087
2007,2000,0.02082970193480914
2007,2001,0.02983277773027281
2007,2002,0.05259396411552958
2007,2003,0.06560639947165886
2007,2004,0.04742638222248119
2007,2005,0.32361183192448884
2007,2006,0.31425419228696966
2007,2007,1.0
2007,2008,0.18771921890566454
2007,2009,0.05774848664330961
2007,2010,0.08786062240733912
2007,2011,0.020564915758176417
2007,2012,0.0034897261149054383
2007,2013,0.007076963903398563
2007,2014,0.0
2007,2015,0.0
2007,2016,0.0
2007,2017,0.0027629373729861433
2007,2018,0.003279688864789772
2007,2019,0.0
2007,2020,0.0
2007,2021,0.0
2007,2022,0.0
2007,2023,0.0
2007,2024,0.0
2008,1968,0.0
2008,1969,0.0
2008,1970,0.0
2008,1971,0.0
2008,1972,0.0
2008,1973,0.0
2008,1974,0.0
2008,1975,0.0
2008,1976,0.0
2008,1977,0.0
2008,1978,0.0
2008,1979,0.0
2008,1980,0.0
2008,1981,0.0
2008,1982,0.0
2008,1983,0.0
2008,1984,0.0
2008,1985,0.0
2008,1986,0.0
2008,1987,0.0
2008,1988,0.0
2008,1989,0.0
2008,1990,0.0
2008,1991,0.0
2008,1992,0.0
2008,1993,0.0
2008,1994,0.0
2008,1995,0.0
2008,1996,0.0
2008,1997,0.0
2008,1998,0.0018809507181600205
2008,1999,0.002717171483711417
2008,2000,0.002963849240905623
2008,2001,0.002878805993480337
2008,2002,0.02492417369763573
2008,2003,0.03976394424594142
2008,2004,0.07852910978001579
2008,2005,0.1424637743475083
2008,2006,0.09135329729896764
2008,2007,0.18771921890566454
2008,2008,1.0
2008,2009,0.19880044107055214
2008,2010,0.15450678126276346
2008,2011,0.06529161871896329
2008,2012,0.00959081393790024
2008,2013,0.01451833428606768
2008,2014,0.0
2008,2015,0.0
2008,2016,0.0
2008,2017,0.011149561813705125
2008,2018,0.003957262350233782
2008,2019,0.0
2008,2020,0.0
2008,2021,0.0
2008,2022,0.0
2008,2023,0.0
2008,2024,0.0
2009,1968,0.0
2009,1969,0.0
2009,1970,0.0
2009,1971,0.0
2009,1972,0.0
2009,1973,0.0
2009,1974,0.0
2009,1975,0.0
2009,1976,0.0
2009,1977,0.0
2009,1978,0.0
2009,1979,0.0
2009,1980,0.0
2009,1981,0.0
2009,1982,0.0
2009,1983,0.0
2009,1984,0.0
2009,1985,0.0
2009,1986,0.0
2009,1987,0.0
2009,1988,0.0
2009,1989,0.0
2009,1990,0.0
2009,1991,0.0
2009,1992,0.0
2009,1993,0.0
2009,1994,0.0
2009,1995,0.0
2009,1996,0.0
2009,1997,0.0
2009,1998,0.0
2009,1999,0.0
2009,2000,0.0
2009,2001,0.0
2009,2002,0.01698626116248552
2009,2003,0.017648681256017557
2009,2004,0.0
2009,2005,0.014607704763306695
2009,2006,0.015655099852089804
2009,2007,0.05774848664330961
2009,2008,0.19880044107055214
2009,2009,1.0
2009,2010,0.245284528595977
2009,2011,0.123031180772684
2009,2012,0.01447174093648719
2009,2013,0.008592924031257835
2009,2014,0.0
2009,2015,0.0
2009,2016,0.0
2009,2017,0.005564895867584016
2009,2018,0.015481550566200122
2009,2019,0.021281260063468834
2009,2020,0.0
2009,2021,0.0
2009,2022,0.0
2009,2023,0.0
2009,2024,0.0
2010,1968,0.0
2010,1969,0.0
2010,1970,0.0
2010,1971,0.0
2010,1972,0.0
2010,1973,0.0
2010,1974,0.0
2010,1975,0.0
2010,1976,0.0
2010,1977,0.0
2010,1978,0.0
2010,1979,0.0
2010,1980,0.0
2010,1981,0.0
2010,1982,0.0
2010,1983,0.0
2010,1984,0.0
2010,1985,0.0
2010,1986,0.0
2010,1987,0.0
2010,1988,0.0
2010,1989,0.0
2010,1990,0.0
2010,1991,0.0
2010,1992,0.0
2010,1993,0.0
2010,1994,0.0
2010,1995,0.0
2010,1996,0.0
2010,1997,0.0
2010,1998,0.0
2010,1999,0.0
2010,2000,0.0
2010,2001,0.0
2010,2002,0.024019323955404816
2010,2003,0.02954977338595376
2010,2004,0.0026568599547497833
2010,2005,0.035608550835816474
2010,2006,0.03684548542786849
2010,2007,0.08786062240733912
2010,2008,0.15450678126276346
2010,2009,0.245284528595977
2010,2010,1.0
2010,2011,0.2656141802000227
2010,2012,0.08683152011645412
2010,2013,0.05196633150196396
2010,2014,0.013445312950633649
2010,2015,0.0020088358139975595
2010,2016,0.003308745313254197
2010,2017,0.006173433579927852
2010,2018,0.017518570307754604
2010,2019,0.023169551599548793
2010,2020,0.0
2010,2021,0.0
2010,2022,0.0
2010,2023,0.0
2010,2024,0.0
2011,1968,0.0
2011,1969,0.0
2011,1970,0.0
2011,1971,0.0
2011,1972,0.0
2011,1973,0.0
2011,1974,0.0
2011,1975,0.0
2011,1976,0.0
2011,1977,0.0
2011,1978,0.0
2011,1979,0.0
2011,1980,0.0
2011,1981,0.0
2011,1982,0.0
2011,1983,0.0
2011,1984,0.0
2011,1985,0.0
2011,1986,0.0
2011,1987,0.0
2011,1988,0.0
2011,1989,0.0
2011,1990,0.0
2011,1991,0.0
2011,1992,0.0
2011,1993,0.0
2011,1994,0.0
2011,1995,0.0
2011,1996,0.0
2011,1997,0.0
2011,1998,0.0
2011,1999,0.0
2011,2000,0.0
2011,2001,0.0
2011,2002,0.007422810326224132
2011,2003,0.014863344234970214
2011,2004,0.0063100857187365755
2011,2005,0.011945721242657525
2011,2006,0.01293134269027677
2011,2007,0.020564915758176417
2011,2008,0.06529161871896329
2011,2009,0.123031180772684
2011,2010,0.2656141802000227
2011,2011,1.0
2011,2012,0.1082417323580977
2011,2013,0.06741645407468963
2011,2014,0.016674282405704004
2011,2015,0.004743413625668159
2011,2016,0.0034190290749480214
2011,2017,0.0
2011,2018,0.01822720404689516
2011,2019,0.017512123586960297
2011,2020,0.0
2011,2021,0.0
2011,2022,0.0
2011,2023,0.0
2011,2024,0.0
2012,1968,0.0
2012,1969,0.0
2012,1970,0.0
2012,1971,0.0
2012,1972,0.0
2012,1973,0.0
2012,1974,0.0
2012,1975,0.0
2012,1976,0.0
2012,1977,0.0
2012,1978,0.0
2012,1979,0.0
2012,1980,0.0
2012,1981,0.0
2012,1982,0.0
2012,1983,0.0
2012,1984,0.0
2012,1985,0.0
2012,1986,0.0
2012,1987,0.0
2012,1988,0.0
2012,1989,0.0
2012,1990,0.0
2012,1991,0.0
2012,1992,0.0
2012,1993,0.0
2012,1994,0.0
2012,1995,0.0
2012,1996,0.0
2012,1997,0.0
2012,1998,0.0
2012,1999,0.0
2012,2000,0.0
2012,2001,0.0
2012,2002,0.0
2012,2003,0.0
2012,2004,0.0
2012,2005,0.0
2012,2006,0.0
2012,2007,0.0034897261149054383
2012,2008,0.00959081393790024
2012,2009,0.01447174093648719
2012,2010,0.08683152011645412
2012,2011,0.1082417323580977
2012,2012,1.0
2012,2013,0.3209723020714882
2012,2014,0.13826804630540043
2012,2015,0.037928981872803524
2012,2016,0.04595511622851969
2012,2017,0.005738355338913782
2012,2018,0.0043445912210799305
2012,2019,0.011072120971587324
2012,2020,0.0
2012,2021,0.0
2012,2022,0.0
2012,2023,0.0
2012,2024,0.0
2013,1968,0.0
2013,1969,0.0
2013,1970,0.0
2013,1971,0.0
2013,1972,0.0
2013,1973,0.0
2013,1974,0.0
2013,1975,0.0
2013,1976,0.0
2013,1977,0.0
2013,1978,0.0
2013,1979,0.0
2013,1980,0.0
2013,1981,0.0
2013,1982,0.0
2013,1983,0.0
2013,1984,0.0
2013,1985,0.0
2013,1986,0.0
2013,1987,0.0
2013,1988,0.0
2013,1989,0.0
2013,1990,0.0
2013,1991,0.0
2013,1992,0.0
2013,1993,0.0
2013,1994,0.0
2013,1995,0.0
2013,1996,0.0
2013,1997,0.0
2013,1998,0.0
2013,1999,0.0
2013,2000,0.0
2013,2001,0.0
2013,2002,0.0
2013,2003,0.0
2013,2004,0.0
2013,2005,0.0
2013,2006,0.0
2013,2007,0.007076963903398563
2013,2008,0.01451833428606768
2013,2009,0.008592924031257835
2013,2010,0.05196633150196396
2013,2011,0.06741645407468963
2013,2012,0.3209723020714882
2013,2013,1.0
2013,2014,0.350207280162592
2013,2015,0.07041897590026336
2013,2016,0.04442871697748383
2013,2017,0.03796085166869022
2013,2018,0.02201865510550325
2013,2019,0.0
2013,2020,0.0
2013,2021,0.0018779604545364642
2013,2022,0.0
2013,2023,0.0
2013,2024,0.0
2014,1968,0.0
2014,1969,0.0
2014,1970,0.0
2014,1971,0.0
2014,1972,0.0
2014,1973,0.0
2014,1974,0.0
2014,1975,0.0
2014,1976,0.0
2014,1977,0.0
2014,1978,0.0
2014,1979,0.0
2014,1980,0.0
2014,1981,0.0
2014,1982,0.0
2014,1983,0.0
2014,1984,0.0
2014,1985,0.0
2014,1986,0.0
2014,1987,0.0
2014,1988,0.0
2014,1989,0.0
2014,1990,0.0
2014,1991,0.0
2014,1992,0.0
2014,1993,0.0
2014,1994,0.0
2014,1995,0.0
2014,1996,0.0
2014,1997,0.0
2014,1998,0.0
2014,1999,0.0
2014,2000,0.0
2014,2001,0.0
2014,2002,0.0
2014,2003,0.0
2014,2004,0.0
2014,2005,0.0
2014,2006,0.0
2014,2007,0.0
2014,2008,0.0
2014,2009,0.0
2014,2010,0.013445312950633649
2014,2011,0.016674282405704004
2014,2012,0.13826804630540043
2014,2013,0.350207280162592
2014,2014,1.0
2014,2015,0.1583671746254466
2014,2016,0.05557036609430201
2014,2017,0.04240976564679152
2014,2018,0.01007974393380525
2014,2019,0.0
2014,2020,0.0
2014,2021,0.0018351001240146914
2014,2022,0.0
2014,2023,0.0
2014,2024,0.0
2015,1968,0.0
2015,1969,0.0
2015,1970,0.0
2015,1971,0.0
2015,1972,0.0
2015,1973,0.0
2015,1974,0.0
2015,1975,0.0
2015,1976,0.0
2015,1977,0.0
2015,1978,0.0
2015,1979,0.0
2015,1980,0.0
2015,1981,0.0
2015,1982,0.0
2015,1983,0.0
2015,1984,0.0
2015,1985,0.0
2015,1986,0.0
2015,1987,0.0
2015,1988,0.0
2015,1989,0.0
2015,1990,0.0
2015,1991,0.0
2015,1992,0.0
2015,1993,0.0
2015,1994,0.0
2015,1995,0.0
2015,1996,0.0
2015,1997,0.0
2015,1998,0.0
2015,1999,0.0
2015,2000,0.0
2015,2001,0.0
2015,2002,0.0
2015,2003,0.0
2015,2004,0.0
2015,2005,0.0
2015,2006,0.0
2015,2007,0.0
2015,2008,0.0
2015,2009,0.0
2015,2010,0.0020088358139975595
2015,2011,0.004743413625668159
2015,2012,0.037928981872803524
2015,2013,0.07041897590026336
2015,2014,0.1583671746254466
2015,2015,1.0
2015,2016,0.14794083786110346
2015,2017,0.06370634307035532
2015,2018,0.05219363596988182
2015,2019,0.06947343598743212
2015,2020,0.045642998112854195
2015,2021,0.036762319223879875
2015,2022,0.0
2015,2023,0.0
2015,2024,0.0
2016,1968,0.0
2016,1969,0.0
2016,1970,0.0
2016,1971,0.0
2016,1972,0.0
2016,1973,0.0
2016,1974,0.0
2016,1975,0.0
2016,1976,0.0
2016,1977,0.0
2016,1978,0.0
2016,1979,0.0
2016,1980,0.0
2016,1981,0.0
2016,1982,0.0
2016,1983,0.0
2016,1984,0.0
2016,1985,0.0
2016,1986,0.0
2016,1987,0.0
2016,1988,0.0
2016,1989,0.0
2016,1990,0.0
2016,1991,0.0
2016,1992,0.0
2016,1993,0.0
2016,1994,0.0
2016,1995,0.0
2016,1996,0.0
2016,1997,0.0
2016,1998,0.0
2016,1999,0.0
2016,2000,0.0
2016,2001,0.0
2016,2002,0.0
2016,2003,0.0
2016,2004,0.0
2016,2005,0.0
2016,2006,0.0
2016,2007,0.0
2016,2008,0.0
2016,2009,0.0
2016,2010,0.003308745313254197
2016,2011,0.0034190290749480214
2016,2012,0.04595511622851969
2016,2013,0.04442871697748383
2016,2014,0.05557036609430201
2016,2015,0.14794083786110346
2016,2016,1.0
2016,2017,0.18030776374912746
2016,2018,0.08900808429132857
2016,2019,0.0894288769092701
2016,2020,0.028068396142486032
2016,2021,0.03301727750835831
2016,2022,0.0
2016,2023,0.0
2016,2024,0.0
2017,1968,0.0
2017,1969,0.0
2017,1970,0.0
2017,1971,0.0
2017,1972,0.0
2017,1973,0.0
2017,1974,0.0
2017,1975,0.0
2017,1976,0.0
2017,1977,0.0
2017,1978,0.0
2017,1979,0.0
2017,1980,0.0
2017,1981,0.0
2017,1982,0.0
2017,1983,0.0
2017,1984,0.0
2017,1985,0.0
2017,1986,0.0
2017,1987,0.0
2017,1988,0.0
2017,1989,0.0
2017,1990,0.0
2017,1991,0.0
2017,1992,0.0
2017,1993,0.0
2017,1994,0.0
2017,1995,0.0
2017,1996,0.0
2017,1997,0.0
2017,1998,0.0
2017,1999,0.0
2017,2000,0.0
2017,2001,0.0
2017,2002,0.0
2017,2003,0.0
2017,2004,0.0
2017,2005,0.0003962191371512543
2017,2006,0.0
2017,2007,0.0027629373729861433
2017,2008,0.011149561813705125
2017,2009,0.005564895867584016
2017,2010,0.006173433579927852
2017,2011,0.0
2017,2012,0.005738355338913782
2017,2013,0.03796085166869022
2017,2014,0.04240976564679152
2017,2015,0.06370634307035532
2017,2016,0.18030776374912746
2017,2017,1.0
2017,2018,0.3200029282768579
2017,2019,0.1665923113711644
2017,2020,0.08962097059865391
2017,2021,0.1200962333097687
2017,2022,0.02188051522567938
2017,2023,0.023963037102555745
2017,2024,0.007723119449207853
2018,1968,0.0
2018,1969,0.0
2018,1970,0.0
2018,1971,0.0
2018,1972,0.0
2018,1973,0.0
2018,1974,0.0
2018,1975,0.0
2018,1976,0.0
2018,1977,0.0
2018,1978,0.0
2018,1979,0.0
2018,1980,0.0
2018,1981,0.0
2018,1982,0.0
2018,1983,0.0
2018,1984,0.0
2018,1985,0.0
2018,1986,0.0
2018,1987,0.0
2018,1988,0.0
2018,1989,0.0
2018,1990,0.0
2018,1991,0.0
2018,1992,0.0
2018,1993,0.0
2018,1994,0.0
2018,1995,0.0
2018,1996,0.0
2018,1997,0.0
2018,1998,0.0
2018,1999,0.0
2018,2000,0.0
2018,2001,0.0
2018,2002,0.0
2018,2003,0.0
2018,2004,0.0
2018,2005,0.00046200972676601747
2018,2006,0.0
2018,2007,0.003279688864789772
2018,2008,0.003957262350233782
2018,2009,0.015481550566200122
2018,2010,0.017518570307754604
2018,2011,0.01822720404689516
2018,2012,0.0043445912210799305
2018,2013,0.02201865510550325
2018,2014,0.01007974393380525
2018,2015,0.05219363596988182
2018,2016,0.08900808429132857
2018,2017,0.3200029282768579
2018,2018,1.0
2018,2019,0.36301842389120104
2018,2020,0.20127498242939584
2018,2021,0.2082921290903339
2018,2022,0.022699398647071153
2018,2023,0.020608333006697472
2018,2024,0.0
2019,1968,0.0
2019,1969,0.0
2019,1970,0.0
2019,1971,0.0
2019,1972,0.0
2019,1973,0.0
2019,1974,0.0
2019,1975,0.0
2019,1976,0.0
2019,1977,0.0
2019,1978,0.0
2019,1979,0.0
2019,1980,0.0
2019,1981,0.0
2019,1982,0.0
2019,1983,0.0
2019,1984,0.0
2019,1985,0.0
2019,1986,0.0
2019,1987,0.0
2019,1988,0.0
2019,1989,0.0
2019,1990,0.0
2019,1991,0.0
2019,1992,0.0
2019,1993,0.0
2019,1994,0.0
2019,1995,0.0
2019,1996,0.0
2019,1997,0.0
2019,1998,0.0
2019,1999,0.0
2019,2000,0.0
2019,2001,0.0
2019,2002,0.0
2019,2003,0.0
2019,2004,0.0
2019,2005,0.0
2019,2006,0.0
2019,2007,0.0
2019,2008,0.0
2019,2009,0.021281260063468834
2019,2010,0.023169551599548793
2019,2011,0.017512123586960297
2019,2012,0.011072120971587324
2019,2013,0.0
2019,2014,0.0
2019,2015,0.06947343598743212
2019,2016,0.0894288769092701
2019,2017,0.1665923113711644
2019,2018,0.36301842389120104
2019,2019,1.0
2019,2020,0.3521187605732768
2019,2021,0.27177456941073724
2019,2022,0.05882275444944985
2019,2023,0.032015565142303984
2019,2024,0.0
2020,1968,0.0
2020,1969,0.0
2020,1970,0.0
2020,1971,0.0
2020,1972,0.0
2020,1973,0.0
2020,1974,0.0
2020,1975,0.0
2020,1976,0.0
2020,1977,0.0
2020,1978,0.0
2020,1979,0.0
2020,1980,0.0
2020,1981,0.0
2020,1982,0.0
2020,1983,0.0
2020,1984,0.0
2020,1985,0.0
2020,1986,0.0
2020,1987,0.0
2020,1988,0.0
2020,1989,0.0
2020,1990,0.0
2020,1991,0.0
2020,1992,0.0
2020,1993,0.0
2020,1994,0.0
2020,1995,0.0
2020,1996,0.0
2020,1997,0.0
2020,1998,0.0
2020,1999,0.0
2020,2000,0.0
2020,2001,0.0
2020,2002,0.0
2020,2003,0.0
2020,2004,0.0
2020,2005,0.0
2020,2006,0.0
2020,2007,0.0
2020,2008,0.0
2020,2009,0.0
2020,2010,0.0
2020,2011,0.0
2020,2012,0.0
2020,2013,0.0
2020,2014,0.0
2020,2015,0.045642998112854195
2020,2016,0.028068396142486032
2020,2017,0.08962097059865391
2020,2018,0.20127498242939584
2020,2019,0.3521187605732768
2020,2020,1.0
2020,2021,0.28819075397948296
2020,2022,0.05468014948340294
2020,2023,0.022801878692995305
2020,2024,0.004023959710207975
2021,1968,0.0
2021,1969,0.0
2021,1970,0.0
2021,1971,0.0
2021,1972,0.0
2021,1973,0.0
2021,1974,0.0
2021,1975,0.0
2021,1976,0.0
2021,1977,0.0
2021,1978,0.0
2021,1979,0.0
2021,1980,0.0
2021,1981,0.0
2021,1982,0.0
2021,1983,0.0
2021,1984,0.0
2021,1985,0.0
2021,1986,0.0
2021,1987,0.0
2021,1988,0.0
2021,1989,0.0
2021,1990,0.0
2021,1991,0.0
2021,1992,0.0
2021,1993,0.0
2021,1994,0.0
2021,1995,0.0
2021,1996,0.0
2021,1997,0.0
2021,1998,0.0
2021,1999,0.0
2021,2000,0.0
2021,2001,0.0
2021,2002,0.0
2021,2003,0.0
2021,2004,0.0
2021,2005,0.0
2021,2006,0.0
2021,2007,0.0
2021,2008,0.0
2021,2009,0.0
2021,2010,0.0
2021,2011,0.0
2021,2012,0.0
2021,2013,0.0018779604545364642
2021,2014,0.0018351001240146914
2021,2015,0.036762319223879875
2021,2016,0.03301727750835831
2021,2017,0.1200962333097687
2021,2018,0.2082921290903339
2021,2019,0.27177456941073724
2021,2020,0.28819075397948296
2021,2021,1.0
2021,2022,0.2097960575295642
2021,2023,0.03401777262184657
2021,2024,0.0
2022,1968,0.0
2022,1969,0.0
2022,1970,0.0
2022,1971,0.0
2022,1972,0.0
2022,1973,0.0
2022,1974,0.0
2022,1975,0.0
2022,1976,0.0
2022,1977,0.0
2022,1978,0.0
2022,1979,0.0
2022,1980,0.0
2022,1981,0.0
2022,1982,0.0
2022,1983,0.0
2022,1984,0.0
2022,1985,0.0
2022,1986,0.0
2022,1987,0.0
2022,1988,0.0
2022,1989,0.0
2022,1990,0.0
2022,1991,0.0
2022,1992,0.0
2022,1993,0.0
2022,1994,0.0
2022,1995,0.0
2022,1996,0.0
2022,1997,0.0
2022,1998,0.0
2022,1999,0.0
2022,2000,0.0
2022,2001,0.0
2022,2002,0.0
2022,2003,0.0
2022,2004,0.0
2022,2005,0.0
2022,2006,0.0
2022,2007,0.0
2022,2008,0.0
2022,2009,0.0
2022,2010,0.0
2022,2011,0.0
2022,2012,0.0
2022,2013,0.0
2022,2014,0.0
2022,2015,0.0
2022,2016,0.0
2022,2017,0.02188051522567938
2022,2018,0.022699398647071153
2022,2019,0.05882275444944985
2022,2020,0.05468014948340294
2022,2021,0.2097960575295642
2022,2022,1.0
2022,2023,0.11551653736218864
2022,2024,0.02163946345113766
2023,1968,0.0
2023,1969,0.0
2023,1970,0.0
2023,1971,0.0
2023,1972,0.0
2023,1973,0.0
2023,1974,0.0
2023,1975,0.0
2023,1976,0.0
2023,1977,0.0
2023,1978,0.0
2023,1979,0.0
2023,1980,0.0
2023,1981,0.0
2023,1982,0.0
2023,1983,0.0
2023,1984,0.0
2023,1985,0.0
2023,1986,0.0
2023,1987,0.0
2023,1988,0.0
2023,1989,0.0
2023,1990,0.0
2023,1991,0.0
2023,1992,0.0
2023,1993,0.0
2023,1994,0.0
2023,1995,0.0
2023,1996,0.0
2023,1997,0.0
2023,1998,0.0
2023,1999,0.0
2023,2000,0.0
2023,2001,0.0
2023,2002,0.0
2023,2003,0.0
2023,2004,0.0
2023,2005,0.0
2023,2006,0.0
2023,2007,0.0
2023,2008,0.0
2023,2009,0.0
2023,2010,0.0
2023,2011,0.0
2023,2012,0.0
2023,2013,0.0
2023,2014,0.0
2023,2015,0.0
2023,2016,0.0
2023,2017,0.023963037102555745
2023,2018,0.020608333006697472
2023,2019,0.032015565142303984
2023,2020,0.022801878692995305
2023,2021,0.03401777262184657
2023,2022,0.11551653736218864
2023,2023,1.0
2023,2024,0.17548276347850586
2024,1968,0.0
2024,1969,0.0
2024,1970,0.0
2024,1971,0.0
2024,1972,0.0
2024,1973,0.0
2024,1974,0.0
2024,1975,0.0
2024,1976,0.0
2024,1977,0.0
2024,1978,0.0
2024,1979,0.0
2024,1980,0.0
2024,1981,0.0
2024,1982,0.0
2024,1983,0.0
2024,1984,0.0
2024,1985,0.0
2024,1986,0.0
2024,1987,0.0
2024,1988,0.0
2024,1989,0.0
2024,1990,0.0
2024,1991,0.0
2024,1992,0.0
2024,1993,0.0
2024,1994,0.0
2024,1995,0.0
2024,1996,0.0
2024,1997,0.0
2024,1998,0.0
2024,1999,0.0
2024,2000,0.0
2024,2001,0.0
2024,2002,0.0
2024,2003,0.0
2024,2004,0.0
2024,2005,0.0
2024,2006,0.0
2024,2007,0.0
2024,2008,0.0
2024,2009,0.0
2024,2010,0.0
2024,2011,0.0
2024,2012,0.0
2024,2013,0.0
2024,2014,0.0
2024,2015,0.0
2024,2016,0.0
2024,2017,0.007723119449207853
2024,2018,0.0
2024,2019,0.0
2024,2020,0.004023959710207975
2024,2021,0.0
2024,2022,0.02163946345113766
2024,2023,0.17548276347850586
2024,2024,1.0
