playerID,player_name,first_year,last_year,oak_seasons,total_core,max_core,avg_core,total_bwar,total_bwar_positive,max_bwar,total_metric_score,max_metric_score,total_pa,total_ip,peak_year,primary_role,primary_pos,peak_era_id,peak_bwar,peak_metric_score,overall_rank,community_id,layout_x,layout_y,community_label
henderi01,Rickey Henderson,1979,1998,14,11.908908183671343,1.0,0.8506362988336674,72.69,73.59,9.94,11.489872780115027,1.0,7481.0,0.0,1990,Hitter,OF,C03,9.94,1.0,1,1,0.41005957381011243,0.1315711726886386,Rickey Henderson / Mark McGwire / Dwayne Murphy
bandosa01,Sal Bando,1968,1976,9,8.715560118158692,1.0,0.9683955686842991,50.57,50.57,8.27,6.91401222496541,1.0,5908.0,0.0,1970,Hitter,3B,C01,6.15,1.0,2,3,0.035394040077234824,0.5079066496040687,Sal Bando / Reggie Jackson / Bert Campaneris
jacksre01,Reggie Jackson,1968,1987,9,7.989137173701402,1.0,0.8876819081890447,48.68,49.04,9.26,6.668614621472176,1.0,5295.0,0.0,1969,Hitter,OF,C01,9.26,1.0,3,3,0.029848228307887834,0.47765804614526175,Sal Bando / Reggie Jackson / Bert Campaneris
mcgwima01,Mark McGwire,1986,1997,12,8.629252656715396,1.0,0.7191043880596163,42.89,43.09,6.45,7.624608726458704,1.0,5409.0,0.0,1992,Hitter,1B,C03,6.45,1.0,4,1,0.40868938949469097,0.07832923821774992,Rickey Henderson / Mark McGwire / Dwayne Murphy
campabe01,Bert Campaneris,1968,1976,9,8.262027697320049,1.0,0.9180030774800054,42.45,42.45,6.61,6.051046847963057,1.0,5716.0,0.0,1968,Hitter,SS,C01,6.61,1.0,5,3,0.02,0.4746157173735825,Sal Bando / Reggie Jackson / Bert Campaneris
chaveer01,Eric Chavez,1998,2010,13,8.008903957789359,1.0,0.6160695352145661,34.98,35.72,6.05,5.784575392771144,1.0,5405.0,0.0,2004,Hitter,3B,C04,5.53,1.0,6,2,0.6262496375914945,0.3001752196433198,Eric Chavez / Tim Hudson / Barry Zito
murphdw01,Dwayne Murphy,1978,1987,10,7.906719859010554,1.0,0.7906719859010554,31.72,32.13,6.9,5.2471228845002305,0.8774289985052317,4886.0,0.0,1982,Hitter,OF,C02,5.87,0.8774289985052317,7,1,0.2476281359116845,0.12258724675865082,Rickey Henderson / Mark McGwire / Dwayne Murphy
hudsoti01,Tim Hudson,1999,2004,6,4.445060870769119,0.8441196549137285,0.7408434784615198,30.96,30.96,7.45,4.400017834662861,1.0,28.0,1240.6666666666667,2003,Pitcher,P,C04,7.45,1.0,8,2,0.6024612072855143,0.3086582679583594,Eric Chavez / Tim Hudson / Barry Zito
zitoba01,Barry Zito,2000,2015,8,5.160646908398062,0.8140298507462689,0.6450808635497578,30.25,30.6,7.11,4.8021406478188124,1.0,32.0,1437.3333333333335,2002,Pitcher,P,C04,7.11,1.0,9,2,0.5897881453842196,0.2796624177059071,Eric Chavez / Tim Hudson / Barry Zito
bluevi01,Vida Blue,1969,1977,9,5.602193393651771,0.870611953586873,0.6224659326279746,28.41,29.95,8.52,4.086087139675996,1.0,204.0,1945.6666666666665,1971,Pitcher,P,C01,8.52,1.0,10,3,0.06357745152008527,0.5233586510668645,Sal Bando / Reggie Jackson / Bert Campaneris
giambja01,Jason Giambi,1995,2009,8,6.733873717566759,1.0,0.8417342146958449,28.840000000000003,29.17,9.15,4.246434842676344,1.0,4411.0,0.0,2001,Hitter,1B,C04,9.15,1.0,11,2,0.5760839080476298,0.2676848113781737,Eric Chavez / Tim Hudson / Barry Zito
lansfca01,Carney Lansford,1983,1992,10,7.683626714173264,1.0,0.7683626714173264,27.29,27.64,5.17,4.866168178890048,1.0,5046.0,0.0,1987,Hitter,3B,C03,5.17,1.0,12,1,0.3426154513896845,0.12545740397483052,Rickey Henderson / Mark McGwire / Dwayne Murphy
cansejo01,Jose Canseco,1985,1997,9,6.92646486998961,1.0,0.7696072077766234,27.18,27.18,7.27,4.351819209364848,1.0,4531.0,0.0,1988,Hitter,OF,C03,7.27,1.0,13,1,0.358697305262933,0.13221549370668723,Rickey Henderson / Mark McGwire / Dwayne Murphy
ellisma01,Mark Ellis,2002,2011,9,6.505975411588024,0.9865487903699424,0.7228861568431139,26.76,26.76,4.78,5.367694726137996,1.0,4296.0,0.0,2007,Hitter,2B,C04,4.78,1.0,14,2,0.6904443586133956,0.3185834663701438,Eric Chavez / Tim Hudson / Barry Zito
steinte01,Terry Steinbach,1986,1996,11,7.413032305544606,0.8982116452606697,0.6739120277767824,24.84,24.84,3.98,4.625927091247794,0.878186968838527,4564.0,0.0,1994,Hitter,C,C03,3.1,0.878186968838527,15,1,0.48473404105522,0.12243219401802222,Rickey Henderson / Mark McGwire / Dwayne Murphy
hunteca01,Catfish Hunter,1968,1974,7,5.710121998327661,0.8584512066927741,0.8157317140468088,24.630000000000003,24.630000000000003,6.86,3.479928444034516,1.0,504.0,1887.0,1974,Pitcher,P,C01,6.86,1.0,16,3,0.08272079487020367,0.5216035202341395,Sal Bando / Reggie Jackson / Bert Campaneris
tenacge01,Gene Tenace,1969,1976,8,4.645609470311472,0.9397605143053444,0.580701183788934,23.54,23.64,5.23,3.295654104682514,0.7782738095238096,3014.0,0.0,1975,Hitter,C,C01,5.23,0.7782738095238096,17,3,0.0984208546732368,0.46794804841756077,Sal Bando / Reggie Jackson / Bert Campaneris
rudijo01,Joe Rudi,1968,1982,10,6.682024957865812,1.0,0.6682024957865812,21.84,23.27,6.11,3.4050076504785576,1.0,4327.0,0.0,1972,Hitter,OF,C01,6.11,1.0,18,3,0.08629484389281844,0.4908405829228788,Sal Bando / Reggie Jackson / Bert Campaneris
tejadmi01,Miguel Tejada,1997,2003,7,5.73719184384604,1.0,0.8195988348351486,22.11,22.55,5.66,3.060864872831167,0.7960618846694796,3967.0,0.0,2002,Hitter,SS,C04,5.66,0.7960618846694796,19,2,0.6193290151337295,0.2943404444451072,Eric Chavez / Tim Hudson / Barry Zito
chapmma01,Matt Chapman,2017,2021,5,3.869476823166638,0.910379746756382,0.7738953646333276,22.52,22.52,7.43,3.938175888704828,1.0,2386.0,0.0,2018,Hitter,3B,C07,7.43,1.0,20,4,0.9009831153408286,0.714894389373342,Matt Chapman / Marcus Semien / Matt Olson
hendeda01,Dave Henderson,1988,1993,6,4.29270413758989,1.0,0.715450689598315,19.58,20.83,6.27,3.137314526572006,1.0,2831.0,0.0,1991,Hitter,OF,C03,5.42,1.0,21,1,0.4146277436845169,0.13337856131742676,Rickey Henderson / Mark McGwire / Dwayne Murphy
stewada01,Dave Stewart,1986,1995,8,5.892764121443426,0.8552672955974844,0.7365955151804282,18.89,20.32,5.15,3.1693843471834926,0.8259187620889747,0.0,1717.3333333333335,1987,Pitcher,P,C03,4.27,0.8259187620889747,22,1,0.32801618715361075,0.10333764854954501,Rickey Henderson / Mark McGwire / Dwayne Murphy
northbi01,Bill North,1973,1978,6,4.1917464964949875,0.9772849987090031,0.6986244160824979,19.98,19.98,6.99,2.852805604581691,0.8973042362002568,2859.0,0.0,1973,Hitter,OF,C01,6.99,0.8973042362002568,23,3,0.06329460237027419,0.4948834560537672,Sal Bando / Reggie Jackson / Bert Campaneris
semiema01,Marcus Semien,2015,2020,6,5.510729664754199,1.0,0.9184549441256998,19.95,19.95,8.43,3.572514059311593,1.0,3294.0,0.0,2019,Hitter,SS,C07,8.43,1.0,24,4,0.9168360633487996,0.7220013809063242,Matt Chapman / Marcus Semien / Matt Olson
muldema01,Mark Mulder,2000,2004,5,3.574173383504702,0.8225571052337554,0.7148346767009404,19.49,19.49,5.6899999999999995,2.649337285410325,0.7637583892617449,26.0,1003.0,2003,Pitcher,P,C04,5.6899999999999995,0.7637583892617449,25,2,0.6387960043703895,0.3363712045245038,Eric Chavez / Tim Hudson / Barry Zito
olsonma02,Matt Olson,2016,2021,6,4.115984164675191,1.0,0.6859973607791985,19.0,19.16,5.94,3.5840338242391794,1.0,2369.0,0.0,2021,Hitter,1B,C07,5.94,1.0,26,4,0.9255004053055974,0.7062476270701148,Matt Chapman / Marcus Semien / Matt Olson
reddijo01,Josh Reddick,2012,2016,5,3.6750388233169615,1.0,0.7350077646633923,16.5,16.5,4.58,3.2080141817704457,1.0,2359.0,0.0,2012,Hitter,OF,C06,4.58,1.0,27,5,0.7944202506120929,0.8674173775722547,Josh Reddick / Josh Donaldson / Coco Crisp
eckerde01,Dennis Eckersley,1987,1995,9,4.029792297057438,0.5401573915198411,0.44775469967304865,15.95,16.16,3.26,2.5677381178460448,0.5880077369439072,0.0,637.0,1987,Pitcher,P,C03,3.04,0.5880077369439072,28,1,0.32875596445382416,0.08050807930249909,Rickey Henderson / Mark McGwire / Dwayne Murphy
phillto02,Tony Phillips,1982,1999,9,5.561934585161601,0.8833475621230279,0.6179927316846223,15.63,15.98,4.4,3.067645350320054,1.0,3491.0,0.0,1986,Hitter,2B,C03,4.4,1.0,29,1,0.3012663901453028,0.11297354527643733,Rickey Henderson / Mark McGwire / Dwayne Murphy
donaljo02,Josh Donaldson,2010,2014,4,2.5093882644129772,1.0,0.6273470661032443,15.34,15.63,7.24,2.316593886462882,1.0,1691.0,0.0,2013,Hitter,3B,C06,7.24,1.0,30,5,0.7860290212822714,0.9338912240803221,Josh Reddick / Josh Donaldson / Coco Crisp
davismi02,Mike Davis,1980,1987,8,4.54005058623931,0.9359375167221226,0.5675063232799138,14.4,14.780000000000001,4.7,2.8733308077807713,1.0,2797.0,0.0,1985,Hitter,OF,C03,4.7,1.0,31,1,0.3148891855771894,0.08112054318623164,Rickey Henderson / Mark McGwire / Dwayne Murphy
langfri01,Rick Langford,1977,1986,10,5.425091197055068,0.8769292003915494,0.5425091197055069,11.42,14.719999999999999,4.04,3.08657387582003,1.0,1.0,1468.0,1979,Pitcher,P,C02,4.04,1.0,32,1,0.19754021923158455,0.13221152536447894,Rickey Henderson / Mark McGwire / Dwayne Murphy
crispco01,Coco Crisp,2010,2016,7,4.7610687682324375,0.9961465846351762,0.6801526811760625,13.66,14.2,3.82,2.611131059247163,0.6637554585152838,3112.0,0.0,2012,Hitter,OF,C06,3.04,0.6637554585152838,33,5,0.8090595738365554,0.8700007909111448,Josh Reddick / Josh Donaldson / Coco Crisp
mondari01,Rick Monday,1968,1971,4,2.840180847379524,0.8267564998666304,0.710045211844881,13.469999999999999,13.469999999999999,3.86,1.8404265112749072,0.6276422764227642,1895.0,0.0,1970,Hitter,OF,C01,3.86,0.6276422764227642,34,3,0.05985347874567293,0.5000004970032025,Sal Bando / Reggie Jackson / Bert Campaneris
armasto01,Tony Armas,1977,1982,6,4.576637365895443,0.9697578571476183,0.7627728943159071,13.43,13.43,5.91,1.8827470479405353,0.671590909090909,2653.0,0.0,1980,Hitter,OF,C02,5.91,0.671590909090909,35,1,0.20264857367682404,0.07565860866176864,Rickey Henderson / Mark McGwire / Dwayne Murphy
fingero01,Rollie Fingers,1968,1976,9,4.233056473191115,0.5907347003353,0.4703396081323461,12.61,13.25,3.76,1.8482575416492673,0.4934383202099737,134.0,1016.0,1976,Pitcher,P,C01,3.76,0.4934383202099737,36,3,0.1357711982382095,0.4878396601766207,Sal Bando / Reggie Jackson / Bert Campaneris
harderi01,Rich Harden,2003,2011,7,2.3891593286487036,0.7030188934264007,0.3413084755212434,12.95,12.95,3.73,2.655135981781099,0.7738589211618256,10.0,624.3333333333334,2005,Pitcher,P,C04,3.73,0.7738589211618256,37,2,0.6399041066690224,0.2753837808472765,Eric Chavez / Tim Hudson / Barry Zito
manaese01,Sean Manaea,2016,2021,6,3.846786915932767,0.8067910581516803,0.6411311526554612,12.59,12.59,3.3800000000000003,2.5892629144924797,0.873900293255132,17.0,727.0,2016,Pitcher,P,C06,2.98,0.873900293255132,38,4,0.8500627630318028,0.6725090012385064,Matt Chapman / Marcus Semien / Matt Olson
welchbo01,Bob Welch,1988,1994,7,4.5392181823388515,0.8044877522324528,0.6484597403341217,10.76,12.34,3.43,1.8434269054924395,0.6305147058823529,1.0,1271.3333333333333,1989,Pitcher,P,C03,3.43,0.6305147058823529,39,1,0.349830774479157,0.12785487504218587,Rickey Henderson / Mark McGwire / Dwayne Murphy
laurera01,Ramon Laureano,2018,2023,6,3.460832991674469,0.8895666131621188,0.5768054986124115,11.77,11.77,3.45,2.4436016991984655,0.6651162790697674,1886.0,0.0,2020,Hitter,OF,C07,1.43,0.6651162790697674,40,4,0.9504028132624499,0.7121111529820159,Matt Chapman / Marcus Semien / Matt Olson
suzukku01,Kurt Suzuki,2007,2013,7,4.5845070979714455,1.0,0.6549295854244922,11.63,11.73,3.83,2.7549596573090676,0.948019801980198,2822.0,0.0,2008,Hitter,C,C04,3.83,0.948019801980198,41,2,0.7349975116807862,0.3316967719279222,Eric Chavez / Tim Hudson / Barry Zito
canhama01,Mark Canha,2015,2021,7,4.432211663850583,0.9785928303905833,0.6331730948357975,10.35,11.73,4.27,2.169891871398398,0.6837209302325582,2492.0,0.0,2020,Hitter,OF,C07,1.47,0.6837209302325582,42,4,0.9039508976268501,0.7240358829117696,Matt Chapman / Marcus Semien / Matt Olson
grayso01,Sonny Gray,2013,2017,5,2.8780415230154412,0.8147449176818088,0.5756083046030882,11.21,11.58,5.4,2.1069899945584933,1.0,13.0,705.0,2015,Pitcher,P,C06,5.4,1.0,43,5,0.8262426414460875,0.866760832753326,Josh Reddick / Josh Donaldson / Coco Crisp
holtzke01,Ken Holtzman,1972,1975,4,3.119566176700669,0.8361290322580647,0.7798915441751673,11.47,11.47,3.65,1.6906009125788282,0.5973813420621931,105.0,1084.3333333333333,1972,Pitcher,P,C01,3.65,0.5973813420621931,44,3,0.06722920755367141,0.531469788575538,Sal Bando / Reggie Jackson / Bert Campaneris
greendi01,Dick Green,1968,1974,7,4.193944149799004,0.8480134360241138,0.599134878542715,11.17,11.4,4.55,1.4311278674707866,0.49136069114470843,2478.0,0.0,1969,Hitter,2B,C01,4.55,0.49136069114470843,45,3,0.03945057171292649,0.47270061095133437,Sal Bando / Reggie Jackson / Bert Campaneris
bordimi01,Mike Bordick,1990,1996,7,5.153103406353655,0.9889741824147985,0.7361576294790936,10.479999999999999,11.399999999999999,4.31,2.203697464413168,0.6682170542635658,2990.0,0.0,1992,Hitter,2B,C03,4.31,0.6682170542635658,46,1,0.4104407168514223,0.11426530111971435,Rickey Henderson / Mark McGwire / Dwayne Murphy
harenda01,Dan Haren,2005,2007,3,2.3827967884675356,0.8074285714285716,0.7942655961558452,11.39,11.39,4.53,2.4390604950527863,0.9476987447698745,16.0,662.6666666666666,2007,Pitcher,P,C04,4.53,0.9476987447698745,47,2,0.6699297821362772,0.32382668725012953,Eric Chavez / Tim Hudson / Barry Zito
grosswa01,Wayne Gross,1976,1986,9,5.3660393380979,0.9664015140673349,0.5962265931219889,10.69,11.02,3.2,1.6396865971885037,0.3729372937293729,3002.0,2.3333333333333335,1977,Hitter,3B,C01,2.26,0.3729372937293729,48,1,0.16450877688223303,0.071937842675121,Rickey Henderson / Mark McGwire / Dwayne Murphy
odombl01,Blue Moon Odom,1968,1975,8,3.9444632411759497,0.8142775010023828,0.4930579051469937,7.3100000000000005,10.93,4.32,1.501191584479236,0.5658093797276853,363.0,1202.6666666666667,1968,Pitcher,P,C01,3.7399999999999998,0.5658093797276853,49,3,0.02,0.46815030870042984,Sal Bando / Reggie Jackson / Bert Campaneris
mooremi01,Mike Moore,1989,1992,4,3.048624310211298,0.8311208145895176,0.7621560775528246,9.32,10.860000000000001,5.44,1.9746617466174663,1.0,0.0,874.0,1989,Pitcher,P,C03,5.44,1.0,50,1,0.36174507749482177,0.08721509911113305,Rickey Henderson / Mark McGwire / Dwayne Murphy
lowrije01,Jed Lowrie,2013,2022,7,5.386111296837352,0.9817288684861455,0.7694444709767645,8.97,10.71,3.95,2.006524182245545,1.0,3618.0,0.0,2017,Hitter,2B,C07,3.4,1.0,51,4,0.8720105416384782,0.6630783841655539,Matt Chapman / Marcus Semien / Matt Olson
duchsju01,Justin Duchscherer,2003,2010,7,1.926257317503265,0.5875748262100592,0.2751796167861807,10.58,10.65,3.7800000000000002,2.2941329088937517,0.9356435643564357,6.0,440.0,2008,Pitcher,P,C04,3.7800000000000002,0.9356435643564357,52,2,0.7043941503972168,0.29034705590523013,Eric Chavez / Tim Hudson / Barry Zito
mccatst01,Steve McCatty,1977,1985,9,4.664219344529279,0.810083364690712,0.5182465938365866,9.27,10.26,4.5,1.7616979976572544,0.6746626686656672,0.0,1188.3333333333333,1981,Pitcher,P,C02,4.5,0.6746626686656672,53,1,0.2505304103052381,0.1125674884650082,Rickey Henderson / Mark McGwire / Dwayne Murphy
bassich01,Chris Bassitt,2015,2021,6,2.8035767130188276,0.7961538461538463,0.46726278550313793,9.75,9.92,3.98,2.2047582937391974,1.0,9.0,526.0,2020,Pitcher,P,C07,2.15,1.0,54,4,0.9482817177699171,0.6691057187462238,Matt Chapman / Marcus Semien / Matt Olson
anderbr04,Brett Anderson,2009,2019,7,3.0896664337772153,0.7741650744449882,0.4413809191110308,9.18,9.83,3.06,1.8454043292333953,0.5978260869565217,16.0,707.0,2009,Pitcher,P,C05,2.2,0.5978260869565217,55,2,0.7105854203306403,0.2780309266679759,Eric Chavez / Tim Hudson / Barry Zito
gallemi01,Mike Gallego,1985,1995,8,4.21409679759039,0.9056962025316457,0.5267620996987987,9.45,9.809999999999999,4.13,1.725029067028875,0.7619926199261993,2151.0,0.0,1991,Hitter,2B,C03,4.13,0.7619926199261993,56,1,0.4181030195992779,0.12814730251339435,Rickey Henderson / Mark McGwire / Dwayne Murphy
javiest01,Stan Javier,1986,1995,7,3.8597102904541227,1.0,0.551387184350589,9.23,9.780000000000001,3.45,2.0894752747006224,0.9773371104815866,2115.0,0.0,1994,Hitter,OF,C03,3.45,0.9773371104815866,57,1,0.46330272306540515,0.0695794294255505,Rickey Henderson / Mark McGwire / Dwayne Murphy
cahiltr01,Trevor Cahill,2009,2018,4,2.9671781204570444,0.8331703957357753,0.7417945301142611,9.76,9.76,3.9499999999999997,1.9767142305976177,0.7168784029038112,12.0,693.0,2010,Pitcher,P,C05,3.9499999999999997,0.7168784029038112,58,2,0.760384046948255,0.27210046453624975,Eric Chavez / Tim Hudson / Barry Zito
swishni01,Nick Swisher,2004,2007,4,2.8764459669309934,1.0,0.7191114917327484,9.16,9.54,4.35,2.0561187930977334,0.910041841004184,1924.0,0.0,2007,Hitter,OF,C04,4.35,0.910041841004184,59,2,0.6922248451176589,0.30257070498542643,Eric Chavez / Tim Hudson / Barry Zito
norrimi01,Mike Norris,1975,1990,10,4.138141075605137,0.8580292363955726,0.41381410756051373,8.08,9.41,5.87,1.2962524640728441,0.6670454545454545,1.0,1124.3333333333333,1980,Pitcher,P,C02,5.87,0.6670454545454545,60,1,0.19547259504344075,0.12809210294871406,Rickey Henderson / Mark McGwire / Dwayne Murphy
pagemi02,Mitchell Page,1977,1983,7,4.183512534117739,1.0,0.5976446477311056,7.93,9.37,6.06,1.8845171323795633,1.0,2383.0,0.0,1977,Hitter,OF,C01,6.06,1.0,61,1,0.13668615796750622,0.1121694047992745,Rickey Henderson / Mark McGwire / Dwayne Murphy
bartoda02,Daric Barton,2007,2014,8,3.3799873735329884,1.0,0.42249842169162355,8.9,9.27,5.51,1.8392012383226164,1.0,2085.0,0.0,2010,Hitter,1B,C05,5.51,1.0,62,2,0.738586800248848,0.27700224869523715,Eric Chavez / Tim Hudson / Barry Zito
rogerke01,Kenny Rogers,1998,1999,2,1.275030719550956,0.8039387308533918,0.637515359775478,9.23,9.23,7.4799999999999995,1.2946127946127945,1.0,7.0,358.0,1998,Pitcher,P,C03,7.4799999999999995,1.0,63,2,0.5377154568145885,0.26360324149744196,Eric Chavez / Tim Hudson / Barry Zito
custja01,Jack Cust,2007,2010,4,3.417070734556498,1.0,0.8542676836391245,9.22,9.22,3.31,2.0304877610568846,0.6924686192468619,2142.0,0.0,2007,Hitter,OF,C04,3.31,0.6924686192468619,64,2,0.7090585292842807,0.3236983774255957,Eric Chavez / Tim Hudson / Barry Zito
hernara02,Ramon Hernandez,1999,2003,5,3.2967689792014885,0.7802476944757761,0.6593537958402977,8.74,8.74,3.43,1.1471561781440736,0.4604026845637584,2139.0,0.0,2003,Hitter,C,C04,3.43,0.4604026845637584,65,2,0.6082994028566869,0.28548984043835424,Eric Chavez / Tim Hudson / Barry Zito
blantjo01,Joe Blanton,2004,2008,5,2.8208234647680754,0.8137998436278344,0.564164692953615,8.37,8.53,3.8,1.7992159524883753,0.7883817427385891,13.0,760.6666666666667,2005,Pitcher,P,C04,3.8,0.7883817427385891,66,2,0.6627079048409011,0.2705562900363133,Eric Chavez / Tim Hudson / Barry Zito
heathmi02,Mike Heath,1979,1985,7,4.448931709533892,0.80340549965417,0.635561672790556,8.059999999999999,8.52,2.92,1.47557419821258,0.6212765957446809,2653.0,0.0,1985,Hitter,C,C03,2.92,0.6212765957446809,67,1,0.2770072134957233,0.11460473013043049,Rickey Henderson / Mark McGwire / Dwayne Murphy
crosbbo01,Bobby Crosby,2003,2009,7,4.196374796000356,0.9886695090925973,0.5994821137143366,6.78,8.43,3.67,1.7044733787056323,0.7614107883817427,2657.0,0.0,2005,Hitter,SS,C04,3.67,0.7614107883817427,68,2,0.6535695189349847,0.31266154422777737,Eric Chavez / Tim Hudson / Barry Zito
ontivst02,Steve Ontiveros,1985,1995,6,2.652098823512382,0.6097508518223305,0.442016470585397,7.47,8.37,3.3,1.9509719017141545,0.9348441926345609,0.0,597.6666666666666,1994,Pitcher,P,C03,3.3,0.9348441926345609,69,1,0.45249886522601734,0.1365339296751269,Rickey Henderson / Mark McGwire / Dwayne Murphy
montafr01,Frankie Montas,2017,2022,6,2.8833907402241783,0.7938461538461541,0.4805651233706964,7.5200000000000005,8.3,3.7,1.4247440649990089,0.6228956228956228,11.0,537.6666666666666,2021,Pitcher,P,C07,3.7,0.6228956228956228,70,4,0.9693036697935521,0.688301657006564,Matt Chapman / Marcus Semien / Matt Olson
gonzagi01,Gio Gonzalez,2008,2011,4,2.20752235074514,0.80197190846028,0.551880587686285,6.7299999999999995,8.28,4.4399999999999995,1.6969147005444647,1.0,9.0,535.3333333333333,2011,Pitcher,P,C05,4.4399999999999995,1.0,71,2,0.7665468382410748,0.2938594629013351,Eric Chavez / Tim Hudson / Barry Zito
cespeyo01,Yoenis Cespedes,2012,2014,3,2.297069559244659,0.853351940068879,0.765689853081553,8.26,8.26,3.97,1.476489492347215,0.8668122270742359,1546.0,0.0,2012,Hitter,OF,C06,3.97,0.8668122270742359,72,5,0.7780048920755851,0.8733120233602384,Josh Reddick / Josh Donaldson / Coco Crisp
keougma02,Matt Keough,1977,1983,7,4.026648122021306,0.8031215321281547,0.5752354460030437,6.03,8.21,3.27,1.7612525139320527,1.0,0.0,1060.3333333333333,1978,Pitcher,P,C02,2.9800000000000004,1.0,73,1,0.19619171332903346,0.06722804721322098,Rickey Henderson / Mark McGwire / Dwayne Murphy
colonba01,Bartolo Colon,2012,2013,2,1.3890258202013444,0.7588480046948359,0.6945129101006722,8.21,8.21,5.56,1.3465584211923085,0.7679558011049723,10.0,342.6666666666667,2013,Pitcher,P,C06,5.56,0.7679558011049723,74,5,0.7964461275352306,0.9079790363659801,Josh Reddick / Josh Donaldson / Coco Crisp
murphse01,Sean Murphy,2019,2022,4,2.4008179982900617,1.0,0.6002044995725154,8.14,8.14,3.65,2.0609049751564026,1.0,1259.0,0.0,2022,Hitter,C,C07,3.65,1.0,75,4,0.9752292672150271,0.6989256104539208,Matt Chapman / Marcus Semien / Matt Olson
weisswa01,Walt Weiss,1987,1992,6,3.0378680711037087,0.830660583597701,0.5063113451839515,7.3999999999999995,8.139999999999999,4.16,1.027809387339757,0.41851106639839036,1831.0,0.0,1990,Hitter,SS,C03,4.16,0.41851106639839036,76,1,0.3926988097964251,0.09224880819203073,Rickey Henderson / Mark McGwire / Dwayne Murphy
berroge01,Geronimo Berroa,1994,1997,4,3.3556970124305967,1.0,0.8389242531076492,8.120000000000001,8.120000000000001,2.52,1.8856146375997835,0.7138810198300284,1949.0,0.0,1994,Hitter,OF,C03,2.52,0.7138810198300284,77,1,0.44001152834165114,0.06385025298836415,Rickey Henderson / Mark McGwire / Dwayne Murphy
daviskh01,Khris Davis,2016,2021,6,4.181045544065397,1.0,0.6968409240108996,7.35,8.03,2.81,1.911403331792492,0.8235294117647058,2601.0,0.0,2017,Hitter,OF,C07,2.8,0.8235294117647058,78,4,0.8689973130499705,0.6874903377261922,Matt Chapman / Marcus Semien / Matt Olson
kendaja01,Jason Kendall,2005,2007,3,2.3232580785785215,0.9356674044584411,0.7744193595261738,7.73,7.73,3.7,1.679717056325157,0.8409090909090908,1614.0,0.0,2006,Hitter,C,C04,3.7,0.8409090909090908,79,2,0.6904780518574856,0.2668663237021226,Eric Chavez / Tim Hudson / Barry Zito
kotsama01,Mark Kotsay,2004,2007,4,3.0488151680682,1.0,0.76220379201705,7.49,7.71,4.57,1.4841909600457843,0.8264014466546112,2086.0,0.0,2004,Hitter,OF,C04,4.57,0.8264014466546112,80,2,0.6281491094534799,0.3361859106106418,Eric Chavez / Tim Hudson / Barry Zito
heredgi01,Gil Heredia,1998,2001,4,2.169502382553422,0.7994813650617073,0.5423755956383555,7.4,7.7,3.44,1.1001617141702043,0.44329896907216493,14.0,551.3333333333334,2000,Pitcher,P,C04,3.44,0.44329896907216493,81,2,0.5655810390720998,0.3317453531243944,Eric Chavez / Tim Hudson / Barry Zito
brosisc01,Scott Brosius,1991,1997,7,3.929432275993161,0.8666742277257886,0.561347467999023,7.42,7.55,5.31,1.3168007109582793,0.8245341614906831,2227.0,0.0,1996,Hitter,3B,C03,5.31,0.8245341614906831,82,1,0.4798177302075358,0.10807466272278099,Rickey Henderson / Mark McGwire / Dwayne Murphy
stairma01,Matt Stairs,1996,2000,5,3.692908228950193,0.9042213235447731,0.7385816457900386,7.44,7.540000000000001,3.39,1.4306266292199796,0.6,2346.0,0.0,1997,Hitter,OF,C03,1.86,0.6,83,2,0.5117295784486461,0.3221222040847927,Eric Chavez / Tim Hudson / Barry Zito
rookebr01,Brent Rooker,2023,2024,2,1.969867656893601,1.0,0.9849338284468006,7.54,7.54,5.55,1.6862068965517243,1.0,1140.0,0.0,2024,Hitter,OF,C07,5.55,1.0,84,4,0.98,0.7373667593986882,Matt Chapman / Marcus Semien / Matt Olson
vogtst01,Stephen Vogt,2013,2022,6,3.0760000961353064,0.8581421485573895,0.5126666826892178,6.27,7.3999999999999995,3.55,1.50815867553613,0.6574074074074073,1843.0,0.0,2015,Hitter,C,C06,3.55,0.6574074074074073,85,5,0.8647450925631222,0.926695274832704,Josh Reddick / Josh Donaldson / Coco Crisp
youngcu01,Curt Young,1983,1993,10,3.9127153362145233,0.8386551444774508,0.39127153362145234,3.7800000000000002,7.08,2.5,1.3661808878112174,0.4835589941972921,1.0,1039.3333333333333,1987,Pitcher,P,C03,2.5,0.4835589941972921,86,1,0.3296185643353909,0.09996397874491848,Rickey Henderson / Mark McGwire / Dwayne Murphy
pennicl01,Cliff Pennington,2008,2012,5,3.174153226094176,0.9919221819745246,0.6348306452188351,6.549999999999999,7.079999999999999,4.47,1.3857171716107322,0.8112522686025408,1954.0,0.0,2010,Hitter,SS,C05,4.47,0.8112522686025408,87,5,0.7732938573651001,0.9050374418479711,Josh Reddick / Josh Donaldson / Coco Crisp
reverda01,Dave Revering,1978,1981,4,2.742511543378785,0.9660614015770628,0.6856278858446962,6.99,6.99,3.64,1.3113157135421136,0.43316831683168316,1578.0,0.0,1979,Hitter,1B,C02,1.75,0.43316831683168316,88,1,0.17661043397695667,0.12533136784630627,Rickey Henderson / Mark McGwire / Dwayne Murphy
mossbr01,Brandon Moss,2012,2014,3,2.114066623133325,0.8493099830787475,0.704688874377775,6.9,6.9,2.63,1.1366825193948635,0.4650655021834061,1381.0,0.0,2012,Hitter,1B,C06,2.13,0.4650655021834061,89,5,0.8105770866142632,0.8757552137280011,Josh Reddick / Josh Donaldson / Coco Crisp
lidleco01,Cory Lidle,2001,2002,2,1.3382569895221061,0.6830372093023258,0.6691284947610531,6.9,6.9,3.48,0.8632219685965277,0.4894514767932489,4.0,380.0,2002,Pitcher,P,C04,3.48,0.4894514767932489,90,2,0.6330279327840442,0.3161389967144092,Eric Chavez / Tim Hudson / Barry Zito
blankla02,Lance Blankenship,1988,1993,6,2.471287973553496,0.7649724142034973,0.41188132892558266,6.699999999999999,6.83,3.6,1.1851954150384238,0.5581395348837209,1292.0,0.0,1992,Hitter,2B,C03,3.6,0.5581395348837209,91,1,0.4518573993630874,0.10641936453034155,Rickey Henderson / Mark McGwire / Dwayne Murphy
byrneer01,Eric Byrnes,2000,2005,6,2.4515185856661104,0.9461763497996621,0.4085864309443517,6.7,6.8100000000000005,3.4,1.116812022126263,0.6148282097649186,1465.0,0.0,2004,Hitter,OF,C04,3.4,0.6148282097649186,92,2,0.6700914186358365,0.3289503592628637,Eric Chavez / Tim Hudson / Barry Zito
davisra01,Rajai Davis,2008,2017,4,2.630872658861787,0.8403231934283149,0.6577181647154468,6.72,6.72,3.25,1.6572172771245497,0.8831521739130435,1528.0,0.0,2009,Hitter,OF,C05,3.25,0.8831521739130435,93,2,0.7529423926658627,0.32595765265018156,Eric Chavez / Tim Hudson / Barry Zito
washicl01,Claudell Washington,1974,1976,3,2.1075432220619583,0.9354406675286138,0.7025144073539861,6.66,6.66,4.91,0.978341913255741,0.730654761904762,1402.0,0.0,1975,Hitter,OF,C01,4.91,0.730654761904762,94,3,0.10435673386949504,0.520543195373156,Sal Bando / Reggie Jackson / Bert Campaneris
epstemi01,Mike Epstein,1971,1972,2,1.4713453593538168,0.8446215446344645,0.7356726796769084,6.65,6.65,5.24,1.02310343237823,0.8576104746317512,939.0,0.0,1972,Hitter,1B,C01,5.24,0.8576104746317512,95,3,0.0715728564347044,0.486671110347186,Sal Bando / Reggie Jackson / Bert Campaneris
bailean01,Andrew Bailey,2009,2011,3,1.2023260433915999,0.5233401962759047,0.4007753477972,6.4,6.4,3.68,1.5190153856215562,1.0,0.0,174.0,2009,Pitcher,P,C05,3.68,1.0,96,2,0.7513115786284301,0.2723063188569635,Eric Chavez / Tim Hudson / Barry Zito
graveke01,Kendall Graveman,2015,2018,4,2.004232011336364,0.8119918253414417,0.501058002834091,5.43,6.3100000000000005,3.41,1.7342047930283226,1.0,6.0,441.33333333333337,2016,Pitcher,P,C06,3.41,1.0,97,4,0.8645981935256921,0.7029967921181807,Matt Chapman / Marcus Semien / Matt Olson
bradeda01,Dallas Braden,2007,2011,5,2.0288412648898904,0.7546185442464513,0.4057682529779781,4.99,6.2700000000000005,2.8,1.4479388828324313,0.7608695652173912,6.0,491.3333333333333,2009,Pitcher,P,C05,2.8,0.7608695652173912,98,2,0.7232136985222208,0.27007286542970055,Eric Chavez / Tim Hudson / Barry Zito
hattesc01,Scott Hatteberg,2002,2005,4,3.3586834127031224,0.9516983031419626,0.8396708531757806,5.35,6.24,3.32,0.9283336906818344,0.46694796061884664,2351.0,0.0,2002,Hitter,1B,C04,3.32,0.46694796061884664,99,2,0.5825493266786164,0.27000158294860777,Eric Chavez / Tim Hudson / Barry Zito
sweenry01,Ryan Sweeney,2008,2011,4,2.685628606430698,0.8730877531590538,0.6714071516076745,6.22,6.22,2.98,1.5417037222765742,0.8097826086956521,1597.0,0.0,2009,Hitter,OF,C05,2.98,0.8097826086956521,100,2,0.7074808954008411,0.3368157794290026,Eric Chavez / Tim Hudson / Barry Zito
lindbpa01,Paul Lindblad,1968,1976,8,2.545903062978159,0.43602815113028776,0.3182378828722699,5.82,6.17,1.86,0.9098329267209193,0.2723214285714286,33.0,629.6666666666666,1975,Pitcher,P,C01,1.83,0.2723214285714286,101,3,0.1440248891924333,0.5069839736142857,Sal Bando / Reggie Jackson / Bert Campaneris
hendrli01,Liam Hendriks,2016,2020,5,1.9536957395787151,0.5322118750683734,0.39073914791574305,6.16,6.16,3.66,1.3781453296931885,0.6604651162790698,0.0,263.0,2020,Pitcher,P,C07,1.42,0.6604651162790698,102,4,0.9513223291140834,0.7176005023892736,Matt Chapman / Marcus Semien / Matt Olson
norride01,Derek Norris,2012,2014,3,1.5432202787337819,0.683924071725451,0.5144067595779273,6.15,6.15,3.16,0.9469295206226491,0.4553314121037464,982.0,0.0,2014,Hitter,C,C06,3.16,0.4553314121037464,103,5,0.8295744861421083,0.8695448917411372,Josh Reddick / Josh Donaldson / Coco Crisp
griffal01,Alfredo Griffin,1985,1987,3,2.732876027373418,0.9673073267486182,0.9109586757911393,6.14,6.14,3.43,1.3224854932301742,0.7795454545454545,1834.0,0.0,1986,Hitter,SS,C03,3.43,0.7795454545454545,104,1,0.3129991775261669,0.09511207312639153,Rickey Henderson / Mark McGwire / Dwayne Murphy
parkeja02,Jarrod Parker,2012,2013,2,1.5464212993296513,0.7928767605633805,0.7732106496648257,6.029999999999999,6.029999999999999,3.77,1.13529880093609,0.8231441048034934,7.0,378.33333333333337,2012,Pitcher,P,C06,3.77,0.8231441048034934,105,5,0.8017439078542838,0.8891584587112671,Josh Reddick / Josh Donaldson / Coco Crisp
duncada01,Dave Duncan,1968,1972,5,2.549181129093043,0.7170044172231761,0.5098362258186085,5.07,5.98,2.77,0.8871061232155858,0.453355155482815,1532.0,0.0,1972,Hitter,C,C01,2.77,0.453355155482815,106,3,0.044159702025574024,0.5064959726980878,Sal Bando / Reggie Jackson / Bert Campaneris
petityu01,Yusmeiro Petit,2018,2021,4,1.7266129478078651,0.5117546687926524,0.4316532369519663,5.950000000000001,5.950000000000001,2.4200000000000004,1.0691852026951483,0.39069767441860465,1.0,275.6666666666667,2020,Pitcher,P,C07,0.84,0.39069767441860465,107,4,0.9358866471806776,0.6878179561987794,Matt Chapman / Marcus Semien / Matt Olson
essiaji01,Jim Essian,1978,1984,4,2.151768774525899,0.6969862247055771,0.5379421936314748,5.83,5.83,2.32,1.3616200645157173,0.7785234899328858,1175.0,0.0,1978,Hitter,C,C02,2.32,0.7785234899328858,108,1,0.17194310184339,0.06483022195806964,Rickey Henderson / Mark McGwire / Dwayne Murphy
streehu01,Huston Street,2005,2008,4,1.730812520133923,0.4686861313868614,0.43270313003348077,5.82,5.82,2.9,1.2630805374674519,0.6016597510373444,0.0,269.0,2005,Pitcher,P,C04,2.9,0.6016597510373444,109,2,0.6460317396711731,0.31877231841936526,Eric Chavez / Tim Hudson / Barry Zito
nelsoge01,Gene Nelson,1987,1992,6,1.97789404059509,0.49347106751293074,0.32964900676584835,3.33,5.8100000000000005,2.27,0.826123291823897,0.28433268858800775,0.0,490.33333333333337,1987,Pitcher,P,C03,1.47,0.28433268858800775,110,1,0.3580540605875224,0.07350723795499822,Rickey Henderson / Mark McGwire / Dwayne Murphy
balfogr01,Grant Balfour,2011,2013,3,1.2814911484144345,0.49614035087719305,0.4271637161381448,5.81,5.81,2.25,1.1580574760386095,0.4912663755458515,1.0,199.33333333333334,2012,Pitcher,P,C06,2.25,0.4912663755458515,111,5,0.7910239303916848,0.8881382534980398,Josh Reddick / Josh Donaldson / Coco Crisp
zieglbr01,Brad Ziegler,2008,2011,4,1.32414887730464,0.4216391004658618,0.33103721932616,5.8,5.8,2.78,1.4157431309449846,0.6881188118811881,0.0,231.33333333333331,2008,Pitcher,P,C04,2.78,0.6881188118811881,112,2,0.7110817229681273,0.29123763266339375,Eric Chavez / Tim Hudson / Barry Zito
treinbl01,Blake Treinen,2017,2019,3,1.2223809714669165,0.5549290405140298,0.4074603238223055,5.64,5.8,4.37,1.0087443591164598,0.588156123822342,0.0,177.0,2018,Pitcher,P,C07,4.37,0.588156123822342,113,4,0.8674408501790632,0.7329385846027728,Matt Chapman / Marcus Semien / Matt Olson
grievbe01,Ben Grieve,1997,2000,4,2.99297023327558,1.0,0.748242558318895,5.78,5.78,2.35,0.8270020855805985,0.3028350515463918,2019.0,0.0,2000,Hitter,OF,C04,2.35,0.3028350515463918,114,2,0.5576679796188728,0.3310879442185601,Eric Chavez / Tim Hudson / Barry Zito
corsiji01,Jim Corsi,1988,1996,5,1.0873869526416926,0.40984107685176857,0.21747739052833853,5.57,5.57,1.85,0.9363614215325811,0.28726708074534163,0.0,222.33333333333334,1996,Pitcher,P,C03,1.85,0.28726708074534163,115,1,0.48675493403087716,0.08475774147600348,Rickey Henderson / Mark McGwire / Dwayne Murphy
torremi01,Mike Torrez,1976,1984,3,0.8624788292352835,0.7684565696823177,0.2874929430784278,5.33,5.55,5.25,0.7384813284478055,0.6889763779527559,0.0,295.0,1976,Pitcher,P,C01,5.25,0.6889763779527559,116,3,0.1682207829107745,0.47187697088447794,Sal Bando / Reggie Jackson / Bert Campaneris
mccarbr01,Brandon McCarthy,2011,2012,2,1.1247258259794857,0.6615003590864466,0.5623629129897428,5.39,5.39,3.3,1.199575120972501,0.7432432432432433,0.0,281.66666666666663,2011,Pitcher,P,C05,3.3,0.7432432432432433,117,5,0.7868481532770488,0.9285301932287473,Josh Reddick / Josh Donaldson / Coco Crisp
searsjp01,JP Sears,2022,2024,3,1.866277455462059,0.8352000000000002,0.6220924851540196,5.38,5.38,2.9,1.4684191040355425,1.0,0.0,401.0,2023,Pitcher,P,C07,2.9,1.0,118,4,0.98,0.7007738780261189,Matt Chapman / Marcus Semien / Matt Olson
lopesda01,Davey Lopes,1982,1984,3,2.1258436784140113,0.9305308124355971,0.7086145594713371,5.3100000000000005,5.3100000000000005,2.81,0.8002440193909247,0.4072463768115942,1324.0,0.0,1983,Hitter,2B,C02,2.81,0.4072463768115942,119,1,0.25679396246743047,0.10432461860864997,Rickey Henderson / Mark McGwire / Dwayne Murphy
burnsto02,Todd Burns,1988,1991,4,1.0657494250769397,0.38298393647416484,0.2664373562692349,5.29,5.29,2.62,0.8318373254738525,0.48161764705882354,0.0,291.0,1989,Pitcher,P,C03,2.62,0.48161764705882354,120,1,0.3900626020872878,0.13514350723653182,Rickey Henderson / Mark McGwire / Dwayne Murphy
grantmu01,Mudcat Grant,1970,1971,2,0.6623233301555157,0.5396277794868539,0.33116166507775785,5.170000000000001,5.170000000000001,4.7700000000000005,0.8225581129050727,0.775609756097561,24.0,150.66666666666666,1970,Pitcher,P,C01,4.7700000000000005,0.775609756097561,121,3,0.020387352472178218,0.5006281445299108,Sal Bando / Reggie Jackson / Bert Campaneris
laceybo01,Bob Lacey,1977,1980,4,1.806831756874634,0.5528820731800864,0.4517079392186585,4.54,5.15,2.64,1.0471139731422807,0.49328859060402674,0.0,368.6666666666667,1978,Pitcher,P,C02,1.47,0.49328859060402674,122,1,0.17917277844212648,0.06588150929389092,Rickey Henderson / Mark McGwire / Dwayne Murphy
durazer01,Erubiel Durazo,2003,2005,3,2.0371527356738692,0.9094633272780762,0.6790509118912897,4.84,5.15,3.35,0.8473973566998798,0.6057866184448463,1390.0,0.0,2004,Hitter,1B,C04,3.35,0.6057866184448463,123,2,0.6497211096402706,0.30142636293054703,Eric Chavez / Tim Hudson / Barry Zito
gatesbr01,Brent Gates,1993,1996,4,2.7737461457538704,0.930851260398484,0.6934365364384676,5.05,5.12,2.21,1.1202522984700305,0.486784140969163,1732.0,0.0,1993,Hitter,2B,C03,2.21,0.486784140969163,124,1,0.4698899633476221,0.11354840114969957,Rickey Henderson / Mark McGwire / Dwayne Murphy
velarra01,Randy Velarde,1999,2002,3,1.452840276269214,0.7817603448578652,0.48428009208973805,4.89,5.09,2.81,0.7668784060536638,0.473063973063973,987.0,0.0,1999,Hitter,2B,C04,2.81,0.473063973063973,125,2,0.5400218347851737,0.33091849817857577,Eric Chavez / Tim Hudson / Barry Zito
kazmisc01,Scott Kazmir,2014,2015,2,1.166389350651979,0.722854573128546,0.5831946753259895,5.04,5.04,3.17,0.8564894866047603,0.587037037037037,6.0,300.0,2015,Pitcher,P,C06,3.17,0.587037037037037,126,5,0.8662140892088812,0.8796937695336979,Josh Reddick / Josh Donaldson / Coco Crisp
seguidi01,Diego Segui,1968,1972,4,1.5007924816997096,0.5459265695423094,0.3751981204249274,4.94,5.04,2.8600000000000003,0.7636421433784558,0.4650406504065041,117.0,414.0,1970,Pitcher,P,C01,2.8600000000000003,0.4650406504065041,127,3,0.04219021058451222,0.48784369435169356,Sal Bando / Reggie Jackson / Bert Campaneris
blackpa01,Paul Blackburn,2017,2024,8,1.9621855806512114,0.5127010638297874,0.24527319758140143,3.31,5.0,1.55,1.4417015809885854,0.5344827586206897,5.0,404.0,2023,Pitcher,P,C07,1.55,0.5344827586206897,128,4,0.98,0.7050711740314893,Matt Chapman / Marcus Semien / Matt Olson
fiersmi01,Mike Fiers,2018,2021,4,1.867649824360952,0.7942500000000002,0.466912456090238,4.75,4.9799999999999995,3.36,0.8347591785796513,0.398576512455516,0.0,306.0,2019,Pitcher,P,C07,3.36,0.398576512455516,129,4,0.9259166544816828,0.6770544721604218,Matt Chapman / Marcus Semien / Matt Olson
doolise01,Sean Doolittle,2012,2017,6,1.51991429144867,0.40988203957382047,0.2533190485747783,4.89,4.89,1.42,0.9616249748448807,0.2727272727272727,1.0,253.0,2016,Pitcher,P,C06,0.93,0.2727272727272727,130,5,0.8681465460190259,0.9086995081792585,Josh Reddick / Josh Donaldson / Coco Crisp
pindech01,Chad Pinder,2016,2022,7,3.160498497149341,0.6434751802351039,0.4514997853070487,3.7800000000000002,4.89,2.02,0.8002758409884468,0.3,1738.0,1.0,2017,Hitter,OF,C07,1.02,0.3,131,4,0.8593206680488821,0.7085780961371674,Matt Chapman / Marcus Semien / Matt Olson
bradfch01,Chad Bradford,2001,2004,4,1.2168201219814405,0.36134879996506747,0.30420503049536013,4.89,4.89,1.91,0.6590148636859712,0.2563758389261745,0.0,248.0,2003,Pitcher,P,C04,1.91,0.2563758389261745,132,2,0.6424909286387244,0.2929632689059859,Eric Chavez / Tim Hudson / Barry Zito
griffaj01,A. J. Griffin,2012,2013,2,1.1577181584128429,0.8011267605633805,0.5788590792064214,4.800000000000001,4.800000000000001,2.6900000000000004,0.8322456512822987,0.46069868995633184,5.0,282.3333333333333,2012,Pitcher,P,C06,2.11,0.46069868995633184,133,5,0.7881659200666027,0.8705744062976619,Josh Reddick / Josh Donaldson / Coco Crisp
honeyri01,Rick Honeycutt,1987,1995,8,2.147218306704659,0.38305698343597,0.2684022883380824,4.5200000000000005,4.79,1.56,0.8647454798308946,0.28519195612431447,2.0,406.33333333333337,1995,Pitcher,P,C03,1.56,0.28519195612431447,134,1,0.4878067999453599,0.11607906469227258,Rickey Henderson / Mark McGwire / Dwayne Murphy
polonlu01,Luis Polonia,1987,1989,3,1.4903476931065354,0.6922918263765924,0.4967825643688451,4.79,4.79,2.02,0.8328125198075687,0.390715667311412,1000.0,0.0,1987,Hitter,OF,C03,2.02,0.390715667311412,135,1,0.3260043053332161,0.09878215351753919,Rickey Henderson / Mark McGwire / Dwayne Murphy
taylobi04,Billy Taylor,1994,1999,5,2.1110408845698676,0.5710201658550911,0.4222081769139735,4.76,4.76,1.68,1.039792201444689,0.5419354838709677,0.0,295.6666666666667,1997,Pitcher,P,C03,1.68,0.5419354838709677,136,1,0.5134189918915486,0.13519960778595405,Rickey Henderson / Mark McGwire / Dwayne Murphy
garneph01,Phil Garner,1973,1976,4,1.9734160339704336,0.9192437080211519,0.4933540084926084,4.52,4.72,2.79,0.6533441132358455,0.3661417322834646,1185.0,0.0,1976,Hitter,2B,C01,2.79,0.3661417322834646,137,3,0.1618111532083439,0.49350798734952883,Sal Bando / Reggie Jackson / Bert Campaneris
kempto01,Tony Kemp,2020,2023,4,3.054280289588705,0.9101961417478631,0.7635700723971762,3.45,4.66,3.3,0.9319811688081837,0.5555555555555555,1488.0,0.0,2021,Hitter,2B,C07,3.3,0.5555555555555555,138,4,0.9423760521409944,0.6850816525978924,Matt Chapman / Marcus Semien / Matt Olson
dyeje01,Jermaine Dye,2001,2004,4,2.401149881084155,0.8874530178446925,0.6002874702710388,2.82,4.66,1.82,0.6550051548598964,0.25497287522603973,1663.0,0.0,2004,Hitter,OF,C04,1.41,0.25497287522603973,139,2,0.6462988593923791,0.33236945611887364,Eric Chavez / Tim Hudson / Barry Zito
longte01,Terrence Long,2000,2003,4,3.5463535389545817,0.9841349523750896,0.8865883847386454,4.63,4.66,2.38,0.5652885663777901,0.30670103092783507,2480.0,0.0,2000,Hitter,OF,C04,2.38,0.30670103092783507,140,2,0.5497341641472931,0.3180537439197194,Eric Chavez / Tim Hudson / Barry Zito
cookry01,Ryan Cook,2012,2015,4,1.099766476538179,0.44101403508771936,0.27494161913454473,4.29,4.62,2.61,0.8499412805695802,0.5698689956331877,0.0,195.0,2012,Pitcher,P,C06,2.61,0.5698689956331877,141,5,0.766591312104425,0.9047944900445395,Josh Reddick / Josh Donaldson / Coco Crisp
jahajo01,John Jaha,1999,2001,3,1.0904927018305755,0.8336398890962797,0.3634975672768585,3.7300000000000004,4.57,4.57,0.7693602693602694,0.7693602693602694,755.0,0.0,1999,Hitter,1B,C04,4.57,0.7693602693602694,142,2,0.528415795466078,0.3024071412428532,Eric Chavez / Tim Hudson / Barry Zito
tamje01,Jeff Tam,2000,2002,3,0.9846852802648683,0.4270038753639311,0.3282284267549561,4.36,4.5,2.66,0.5438764013295025,0.3427835051546392,0.0,200.66666666666669,2000,Pitcher,P,C04,2.66,0.3427835051546392,143,2,0.5484573817614566,0.2712035956405344,Eric Chavez / Tim Hudson / Barry Zito
brownse01,Seth Brown,2019,2024,6,3.122576702192104,0.9352801924780544,0.5204294503653507,3.7800000000000002,4.4799999999999995,1.94,0.9800591700848392,0.5315068493150685,1728.0,0.0,2022,Hitter,1B,C07,1.94,0.5315068493150685,144,4,0.9399960679096061,0.6781620406407541,Matt Chapman / Marcus Semien / Matt Olson
nashji01,Jim Nash,1968,1969,2,1.2569378525999109,0.8247909974514134,0.6284689262999554,4.21,4.21,3.96,0.6260901245903353,0.5990922844175491,121.0,344.0,1968,Pitcher,P,C01,3.96,0.5990922844175491,145,3,0.02,0.5242046000579615,Sal Bando / Reggie Jackson / Bert Campaneris
darliro01,Ron Darling,1991,1995,5,3.0279346693480447,0.8433645449210367,0.6055869338696089,3.3099999999999996,4.17,1.66,0.8418461359100833,0.26912181303116145,1.0,723.3333333333334,1994,Pitcher,P,C03,0.95,0.26912181303116145,146,1,0.4389437189137798,0.1226984962495506,Rickey Henderson / Mark McGwire / Dwayne Murphy
hilldo01,Donnie Hill,1983,1986,4,1.9414898982109499,0.6735681085361945,0.48537247455273747,3.4799999999999995,4.14,1.68,0.8502733159532418,0.3818181818181818,1156.0,0.0,1986,Hitter,2B,C03,1.68,0.3818181818181818,147,1,0.33137514677437974,0.09447651573735674,Rickey Henderson / Mark McGwire / Dwayne Murphy
saenzol01,Olmedo Saenz,1999,2002,4,1.7146330630406428,0.5229836534133534,0.4286582657601607,4.09,4.09,1.93,0.5973148966951954,0.27609427609427606,1061.0,0.0,1999,Hitter,3B,C04,1.64,0.27609427609427606,148,2,0.5708926013307896,0.293699831022229,Eric Chavez / Tim Hudson / Barry Zito
isrinja01,Jason Isringhausen,1999,2001,3,1.0582271412043958,0.45797420162501584,0.35274238040146527,4.09,4.09,1.92,0.529749113579602,0.20983606557377046,0.0,165.66666666666666,2001,Pitcher,P,C04,1.92,0.20983606557377046,149,2,0.575849246039569,0.31004131940369056,Eric Chavez / Tim Hudson / Barry Zito
piscost01,Stephen Piscotty,2018,2022,5,2.743766841920114,0.8971277674330215,0.5487533683840228,2.66,4.03,2.97,0.5427968366101862,0.39973082099596235,1496.0,0.0,2018,Hitter,OF,C07,2.97,0.39973082099596235,150,4,0.877203072694427,0.7336549473277187,Matt Chapman / Marcus Semien / Matt Olson
johnsda06,Dan Johnson,2005,2008,4,1.8893920482103235,0.7530169743291005,0.47234801205258087,3.91,3.92,2.05,0.8177893318854967,0.425311203319502,1261.0,0.0,2005,Hitter,1B,C04,2.05,0.425311203319502,151,2,0.6382744991320458,0.26656267181482696,Eric Chavez / Tim Hudson / Barry Zito
bochtbr01,Bruce Bochte,1984,1986,3,2.272144372105909,0.8317779609139364,0.7573814573686364,3.9,3.9,2.72,0.8284746480364137,0.5787234042553192,1480.0,0.0,1985,Hitter,1B,C03,2.72,0.5787234042553192,152,1,0.27692675417059587,0.1258610300867262,Rickey Henderson / Mark McGwire / Dwayne Murphy
baineha01,Harold Baines,1990,1992,3,1.968936055737751,0.9341681330919045,0.6563120185792504,3.9,3.9,2.85,0.6635807925156131,0.525830258302583,1227.0,0.0,1991,Hitter,OF,C03,2.85,0.525830258302583,153,1,0.40056352237011456,0.08464159737274554,Rickey Henderson / Mark McGwire / Dwayne Murphy
gelofza01,Zack Gelof,2023,2024,2,1.40445685617862,0.8443103942946424,0.70222842808931,3.87,3.87,2.51,1.1105622864243554,0.8655172413793103,847.0,0.0,2023,Hitter,2B,C07,2.51,0.8655172413793103,154,4,0.98,0.7318712645546466,Matt Chapman / Marcus Semien / Matt Olson
johnsjo04,John Henry Johnson,1978,1979,2,1.0961004326795114,0.7630776803293361,0.5480502163397557,3.8699999999999997,3.8699999999999997,2.6599999999999997,1.1921224001594788,0.8926174496644294,0.0,270.6666666666667,1978,Pitcher,P,C02,2.6599999999999997,0.8926174496644294,155,1,0.17535616873730217,0.08163661345470152,Rickey Henderson / Mark McGwire / Dwayne Murphy
langesh01,Shea Langeliers,2022,2024,3,2.02783601200527,0.9310299538033008,0.67594533733509,3.8600000000000003,3.8600000000000003,2.85,0.8504525782277318,0.5135135135135136,1177.0,0.0,2024,Hitter,C,C07,2.85,0.5135135135135136,156,4,0.9742624008170707,0.6985575809402059,Matt Chapman / Marcus Semien / Matt Olson
sogarer01,Eric Sogard,2010,2015,6,2.387102338736277,0.7079327582036606,0.3978503897893795,3.7199999999999998,3.83,1.38,0.6277412173427599,0.23703703703703702,1331.0,0.0,2015,Hitter,2B,C06,1.28,0.23703703703703702,157,5,0.8139779461162013,0.9255374137633567,Josh Reddick / Josh Donaldson / Coco Crisp
hannaja01,Jack Hannahan,2007,2009,3,1.3934807265010358,0.8448205148860571,0.46449357550034526,3.82,3.82,2.44,0.9201783330961802,0.6039603960396039,804.0,0.0,2008,Hitter,3B,C04,2.44,0.6039603960396039,158,2,0.7007627196111995,0.3332465684147893,Eric Chavez / Tim Hudson / Barry Zito
menecfr01,Frank Menechino,1999,2004,6,1.673160303957354,0.8187365600092653,0.278860050659559,3.01,3.77,3.31,0.42458056140243056,0.3617486338797814,1054.0,1.0,2001,Hitter,2B,C04,3.31,0.3617486338797814,159,2,0.568904873900875,0.2673269759700231,Eric Chavez / Tim Hudson / Barry Zito
milonto01,Tommy Milone,2012,2014,3,1.7977848535031977,0.7944000000000002,0.5992616178343992,3.7499999999999996,3.7499999999999996,2.0599999999999996,0.6884015584444838,0.44978165938864617,17.0,442.6666666666667,2012,Pitcher,P,C06,2.0599999999999996,0.44978165938864617,160,5,0.7729841990134741,0.8751872836641705,Josh Reddick / Josh Donaldson / Coco Crisp
neeltr01,Troy Neel,1992,1994,3,1.5400503626138127,0.7253154030244456,0.5133501208712709,3.73,3.73,1.98,0.9216142674896988,0.4730878186968839,861.0,0.0,1994,Hitter,1B,C03,1.67,0.4730878186968839,161,1,0.481483695954513,0.10473593211319203,Rickey Henderson / Mark McGwire / Dwayne Murphy
blevije01,Jerry Blevins,2007,2013,7,1.4646695984780003,0.34448947368421057,0.20923851406828575,3.49,3.7199999999999998,1.46,0.7445541766513861,0.3187772925764192,1.0,267.0,2012,Pitcher,P,C06,1.46,0.3187772925764192,162,5,0.7597771129592834,0.8640498359516612,Josh Reddick / Josh Donaldson / Coco Crisp
burrira01,Ray Burris,1984,1984,1,0.80617315968147,0.80617315968147,0.80617315968147,3.6900000000000004,3.6900000000000004,3.6900000000000004,0.6119402985074627,0.6119402985074627,0.0,211.66666666666666,1984,Pitcher,P,C02,3.6900000000000004,0.6119402985074627,163,1,0.27516720287497387,0.0845472794135677,Rickey Henderson / Mark McGwire / Dwayne Murphy
jonesdo01,Doug Jones,1999,2000,2,0.8348646519647933,0.4903919838643783,0.41743232598239666,3.6500000000000004,3.6500000000000004,2.37,0.5639383525981464,0.398989898989899,0.0,177.33333333333331,1999,Pitcher,P,C04,2.37,0.398989898989899,164,2,0.5659859603641556,0.3113930321004924,Eric Chavez / Tim Hudson / Barry Zito
foulkke01,Keith Foulke,2003,2008,2,0.6552055080382776,0.47892828215889843,0.3276027540191388,3.65,3.65,3.51,0.5057944049438501,0.4711409395973154,0.0,117.66666666666667,2003,Pitcher,P,C04,3.51,0.4711409395973154,165,2,0.6048841157130395,0.27105458993663883,Eric Chavez / Tim Hudson / Barry Zito
heaveda01,Dave Heaverlo,1978,1981,3,1.1552636090199542,0.60558157968754,0.38508786967331804,3.6,3.6,1.88,1.0351431201802248,0.6308724832214764,1.0,221.33333333333334,1978,Pitcher,P,C02,1.88,0.6308724832214764,166,1,0.194683874401473,0.09283052760416888,Rickey Henderson / Mark McGwire / Dwayne Murphy
thomafr04,Frank Thomas,2006,2008,2,1.2092681478065206,0.8495146895873046,0.6046340739032603,3.58,3.58,3.15,0.8223447344734472,0.7159090909090908,776.0,0.0,2006,Hitter,,C04,3.15,0.7159090909090908,167,2,0.6952249955801385,0.31391962989615735,Eric Chavez / Tim Hudson / Barry Zito
paytoja01,Jay Payton,2005,2006,2,1.3008057500884775,0.878428216095588,0.6504028750442388,3.5300000000000002,3.5300000000000002,2.02,0.7723689173896642,0.45909090909090905,879.0,0.0,2006,Hitter,OF,C04,2.02,0.45909090909090905,168,2,0.694899488784865,0.29678892871814055,Eric Chavez / Tim Hudson / Barry Zito
prietar01,Ariel Prieto,1995,2000,5,1.775319281319051,0.7263267511079774,0.3550638562638102,3.1599999999999997,3.53,2.55,0.6181778841599003,0.3959627329192546,2.0,348.6666666666667,1996,Pitcher,P,C03,2.55,0.3959627329192546,169,1,0.4740973184110125,0.08344740663793576,Rickey Henderson / Mark McGwire / Dwayne Murphy
irvinco01,Cole Irvin,2021,2022,2,1.567630212924331,0.7992742551566082,0.7838151064621655,3.49,3.49,1.95,0.793505834601725,0.5342465753424658,7.0,359.33333333333337,2022,Pitcher,P,C07,1.95,0.5342465753424658,170,4,0.9625805641345069,0.6974665548966653,Matt Chapman / Marcus Semien / Matt Olson
wittbo01,Bobby Witt,1992,1994,3,1.690364232630018,0.8194682777078087,0.563454744210006,3.41,3.48,2.97,0.7332547894682923,0.6541850220264318,0.0,387.3333333333333,1993,Pitcher,P,C03,2.97,0.6541850220264318,171,1,0.467020073098551,0.10806384369394832,Rickey Henderson / Mark McGwire / Dwayne Murphy
hamilda01,Dave Hamilton,1972,1980,6,1.5872860636760882,0.4247443098478373,0.264547677279348,-0.040000000000000036,3.46,1.25,0.6501726424115645,0.3094059405940594,33.0,436.33333333333337,1979,Pitcher,P,C02,1.25,0.3094059405940594,172,3,0.19985386572234323,0.4842308371785867,Sal Bando / Reggie Jackson / Bert Campaneris
davisst02,Storm Davis,1987,1993,4,1.6093491210168982,0.6529795418150921,0.40233728025422455,2.97,3.46,2.76,0.5134068726570336,0.3796423658872077,0.0,464.0,1988,Pitcher,P,C03,2.76,0.3796423658872077,173,1,0.34663734470856516,0.10746462824637179,Rickey Henderson / Mark McGwire / Dwayne Murphy
saarlki01,Kirk Saarloos,2004,2008,4,1.2718392609208584,0.5936518450500367,0.3179598152302146,3.13,3.41,2.27,0.7137909506324339,0.470954356846473,1.0,331.6666666666667,2005,Pitcher,P,C04,2.27,0.470954356846473,174,2,0.6616225179834909,0.29578603347956345,Eric Chavez / Tim Hudson / Barry Zito
colemjo05,Joe Coleman,1977,1978,2,0.5394108738098753,0.45974826418037823,0.26970543690493765,3.4000000000000004,3.4000000000000004,2.62,0.6940882007663853,0.4323432343234324,0.0,147.33333333333334,1977,Pitcher,P,C01,2.62,0.4323432343234324,175,1,0.14026266834463588,0.08961044506917486,Rickey Henderson / Mark McGwire / Dwayne Murphy
scutama01,Marco Scutaro,2004,2007,4,2.677327470597233,0.7857718385367392,0.6693318676493083,3.33,3.33,1.64,0.6891907628711691,0.3402489626556016,1702.0,0.0,2005,Hitter,SS,C04,1.64,0.3402489626556016,176,2,0.6371361856981598,0.3336525226701406,Eric Chavez / Tim Hudson / Barry Zito
wilsowi02,Willie Wilson,1991,1992,2,1.3178476948226827,0.7705235775675194,0.6589238474113414,3.28,3.28,2.3,0.5374009554049028,0.3565891472868217,755.0,0.0,1992,Hitter,OF,C03,2.3,0.3565891472868217,177,1,0.4011703590732963,0.10341432103093581,Rickey Henderson / Mark McGwire / Dwayne Murphy
oteroda01,Dan Otero,2013,2015,3,0.8369632670106015,0.40220146672201473,0.2789877556702005,2.24,3.27,1.84,0.46264349515181424,0.26512968299711814,0.0,172.33333333333334,2014,Pitcher,P,C06,1.84,0.26512968299711814,178,5,0.7990354589060463,0.8697846616344258,Josh Reddick / Josh Donaldson / Coco Crisp
gaudich01,Chad Gaudin,2006,2010,4,1.4032150640459413,0.7401224915298412,0.35080376601148533,2.3899999999999997,3.26,1.45,0.7266596115678513,0.303347280334728,5.0,343.3333333333333,2007,Pitcher,P,C04,1.45,0.303347280334728,179,2,0.6756750996207028,0.3058432948003391,Eric Chavez / Tim Hudson / Barry Zito
mohlemi01,Mike Mohler,1993,1998,6,1.9257564117363517,0.6414321662638095,0.3209594019560586,2.8,3.26,1.95,0.5888554153118939,0.3027950310559006,0.0,334.0,1996,Pitcher,P,C03,1.95,0.3027950310559006,180,1,0.48385283840502447,0.1291771775092178,Rickey Henderson / Mark McGwire / Dwayne Murphy
