yearID,playerID,player_name,metric_rank,metric_score,war_rank,war_score,bwar,core_rank,core_score,primary_role,primary_pos
1968,campabe01,Bert Campaneris,1,1.0,1,1.0,6.61,1,1.0,Hitter,SS
1968,jacksre01,Reggie Jackson,2,0.7957639939485627,2,0.7957639939485627,5.26,3,0.907944203443171,Hitter,OF
1968,nashji01,Jim Nash,3,0.5990922844175491,3,0.5990922844175491,3.96,7,0.8247909974514134,Pitcher,P
1968,odombl01,Blue Moon Odom,4,0.5658093797276853,4,0.5658093797276853,3.7399999999999998,8,0.8142775010023828,Pitcher,P
1968,mondari01,Rick Monday,5,0.5370650529500756,5,0.5370650529500756,3.55,5,0.8267564998666304,Hitter,OF
1968,bandosa01,Sal Bando,6,0.4992435703479576,6,0.4992435703479576,3.3,2,0.9634317065401348,Hitter,3B
1968,caterda01,Danny Cater,7,0.3086232980332829,7,0.3086232980332829,2.04,9,0.8141127814776565,Hitter,1B
1968,donaljo01,John Donaldson,8,0.26777609682299547,8,0.26777609682299547,1.77,11,0.6461394859280425,Hitter,2B
1968,krausle02,Lew Krausse,9,0.24357034795763993,9,0.24357034795763993,1.61,10,0.7240879365078036,Pitcher,P
1968,hunteca01,Catfish Hunter,10,0.22239031770045387,10,0.22239031770045387,1.4700000000000002,4,0.8584512066927741,Pitcher,P
1968,dobsoch01,Chuck Dobson,11,0.19969742813918306,11,0.19969742813918306,1.32,6,0.8252950691989697,Pitcher,P
1968,greendi01,Dick Green,12,0.19818456883509833,12,0.19818456883509833,1.31,17,0.391167854880942,Hitter,2B
1969,jacksre01,Reggie Jackson,1,1.0,1,1.0,9.26,2,0.9443211524377032,Hitter,OF
1969,bandosa01,Sal Bando,2,0.8930885529157667,2,0.8930885529157667,8.27,1,1.0,Hitter,3B
1969,greendi01,Dick Green,3,0.49136069114470843,3,0.49136069114470843,4.55,8,0.7659052828584204,Hitter,2B
1969,odombl01,Blue Moon Odom,4,0.46652267818574517,4,0.46652267818574517,4.32,7,0.7755996847850993,Pitcher,P
1969,mondari01,Rick Monday,5,0.40928725701943847,5,0.40928725701943847,3.79,9,0.667732306634013,Hitter,OF
1969,campabe01,Bert Campaneris,6,0.3952483801295897,6,0.3952483801295897,3.66,6,0.79047441380299,Hitter,SS
1969,hunteca01,Catfish Hunter,7,0.28509719222462204,7,0.28509719222462204,2.64,4,0.843853377764314,Pitcher,P
1969,reynoto01,Tommie Reynolds,8,0.19114470842332615,8,0.19114470842332615,1.77,13,0.5441314079908446,Hitter,OF
1969,rolanji01,Jim Roland,9,0.18250539956803458,9,0.18250539956803458,1.6900000000000002,18,0.33606913842759445,Pitcher,P
1969,tartajo01,Jose Tartabull,10,0.08639308855291578,10,0.08639308855291578,0.8,17,0.3912480885968402,Hitter,OF
1969,kubiate01,Ted Kubiak,11,0.07883369330453564,11,0.07883369330453564,0.73,14,0.46924711532524493,Hitter,SS
1969,roofph01,Phil Roof,12,0.06803455723542116,12,0.06803455723542116,0.63,12,0.5596458985492614,Hitter,C
1970,bandosa01,Sal Bando,1,1.0,1,1.0,6.15,2,0.9749874636445693,Hitter,3B
1970,campabe01,Bert Campaneris,2,0.9463414634146341,2,0.9463414634146341,5.82,1,1.0,Hitter,SS
1970,grantmu01,Mudcat Grant,3,0.775609756097561,3,0.775609756097561,4.7700000000000005,12,0.5396277794868539,Pitcher,P
1970,mondari01,Rick Monday,4,0.6276422764227642,4,0.6276422764227642,3.86,9,0.6913564150852287,Hitter,OF
1970,seguidi01,Diego Segui,5,0.4650406504065041,5,0.4650406504065041,2.8600000000000003,11,0.5459265695423094,Pitcher,P
1970,jacksre01,Reggie Jackson,6,0.36097560975609755,6,0.36097560975609755,2.22,6,0.8272583888012078,Hitter,OF
1970,rudijo01,Joe Rudi,7,0.35772357723577236,7,0.35772357723577236,2.2,10,0.6091303669530527,Hitter,OF
1970,aloufe01,Felipe Alou,8,0.3463414634146341,8,0.3463414634146341,2.13,3,0.9522257138293645,Hitter,OF
1970,minchdo01,Don Mincher,9,0.3219512195121951,9,0.3219512195121951,1.98,4,0.842228016804288,Hitter,1B
1970,fernafr01,Frank Fernandez,10,0.29593495934959346,10,0.29593495934959346,1.82,15,0.5051263123584712,Hitter,C
1970,tenacge01,Gene Tenace,11,0.2894308943089431,11,0.2894308943089431,1.78,23,0.21090737211988841,Hitter,C
1970,hunteca01,Catfish Hunter,12,0.26504065040650404,12,0.26504065040650404,1.63,7,0.8188395535567503,Pitcher,P
1971,bluevi01,Vida Blue,1,1.0,1,1.0,8.52,4,0.870611953586873,Pitcher,P
1971,jacksre01,Reggie Jackson,2,0.7535211267605634,2,0.7535211267605634,6.42,1,1.0,Hitter,OF
1971,bandosa01,Sal Bando,3,0.7511737089201879,3,0.7511737089201879,6.4,2,0.9893317654396283,Hitter,3B
1971,hunteca01,Catfish Hunter,4,0.4929577464788733,4,0.4929577464788733,4.2,7,0.7863972848977616,Pitcher,P
1971,campabe01,Bert Campaneris,5,0.3884976525821596,5,0.3884976525821596,3.31,3,0.9065804542217946,Hitter,SS
1971,rudijo01,Joe Rudi,6,0.2699530516431925,6,0.2699530516431925,2.3,6,0.8442808146406897,Hitter,OF
1971,mondari01,Rick Monday,7,0.2664319248826291,7,0.2664319248826291,2.27,8,0.6543356257936521,Hitter,OF
1971,tenacge01,Gene Tenace,8,0.2605633802816902,8,0.2605633802816902,2.22,18,0.3457321928241089,Hitter,C
1971,duncada01,Dave Duncan,9,0.22769953051643194,9,0.22769953051643194,1.94,10,0.6238252928658922,Hitter,C
1971,greendi01,Dick Green,10,0.21478873239436622,10,0.21478873239436622,1.83,5,0.8480134360241138,Hitter,2B
1971,fingero01,Rollie Fingers,11,0.21126760563380284,11,0.21126760563380284,1.8,12,0.5455968054865652,Pitcher,P
1971,davisto02,Tommy Davis,12,0.21126760563380284,12,0.21126760563380284,1.8,16,0.39716635967721675,Hitter,1B
1972,rudijo01,Joe Rudi,1,1.0,1,1.0,6.11,2,0.9980353667305718,Hitter,OF
1972,hunteca01,Catfish Hunter,2,0.9705400981996726,2,0.9705400981996726,5.93,5,0.853799990400796,Pitcher,P
1972,jacksre01,Reggie Jackson,3,0.923076923076923,3,0.923076923076923,5.64,4,0.8768762905738168,Hitter,OF
1972,bandosa01,Sal Bando,4,0.9214402618657938,4,0.9214402618657938,5.63,3,0.9487542815753349,Hitter,3B
1972,campabe01,Bert Campaneris,5,0.8903436988543372,5,0.8903436988543372,5.44,1,1.0,Hitter,SS
1972,epstemi01,Mike Epstein,6,0.8576104746317512,6,0.8576104746317512,5.24,6,0.8446215446344645,Hitter,1B
1972,holtzke01,Ken Holtzman,7,0.5973813420621931,7,0.5973813420621931,3.65,7,0.7988618473367303,Pitcher,P
1972,duncada01,Dave Duncan,8,0.453355155482815,8,0.453355155482815,2.77,8,0.7170044172231761,Hitter,C
1972,knowlda01,Darold Knowles,9,0.4386252045826513,9,0.4386252045826513,2.6799999999999997,17,0.33543467632278967,Pitcher,P
1972,odombl01,Blue Moon Odom,10,0.337152209492635,10,0.337152209492635,2.06,9,0.6058644263592717,Pitcher,P
1972,fingero01,Rollie Fingers,11,0.2815057283142389,11,0.2815057283142389,1.72,11,0.5042077690116962,Pitcher,P
1972,manguan01,Angel Mangual,12,0.21112929623567922,12,0.21112929623567922,1.29,10,0.504922620021765,Hitter,OF
1973,jacksre01,Reggie Jackson,1,1.0,1,1.0,7.79,3,0.922410995614279,Hitter,OF
1973,northbi01,Bill North,2,0.8973042362002568,2,0.8973042362002568,6.99,5,0.8979202795491038,Hitter,OF
1973,bandosa01,Sal Bando,3,0.8331193838254172,3,0.8331193838254172,6.49,1,1.0,Hitter,3B
1973,tenacge01,Gene Tenace,4,0.5969191270860077,4,0.5969191270860077,4.65,4,0.9202948798429026,Hitter,1B
1973,campabe01,Bert Campaneris,5,0.5905006418485237,5,0.5905006418485237,4.6,2,0.9328781427939301,Hitter,SS
1973,holtzke01,Ken Holtzman,6,0.4120667522464698,6,0.4120667522464698,3.21,6,0.8361290322580647,Pitcher,P
1973,fossera01,Ray Fosse,7,0.4017971758664955,7,0.4017971758664955,3.13,7,0.7843134920634923,Hitter,C
1973,rudijo01,Joe Rudi,8,0.3119383825417202,8,0.3119383825417202,2.43,12,0.7002152559683741,Hitter,OF
1973,bluevi01,Vida Blue,9,0.26187419768934533,9,0.26187419768934533,2.04,9,0.7523935700853467,Pitcher,P
1973,hunteca01,Catfish Hunter,10,0.24390243902439027,10,0.24390243902439027,1.9000000000000001,10,0.7316753218573704,Pitcher,P
1973,greendi01,Dick Green,11,0.21694480102695762,11,0.21694480102695762,1.69,11,0.7202103174603177,Hitter,2B
1973,fingero01,Rollie Fingers,12,0.20795892169448008,12,0.20795892169448008,1.6199999999999999,13,0.5228049327354262,Pitcher,P
1974,hunteca01,Catfish Hunter,1,1.0,1,1.0,6.86,7,0.8171052631578949,Pitcher,P
1974,jacksre01,Reggie Jackson,2,0.8352769679300291,2,0.8352769679300291,5.73,4,0.9395929485872044,Hitter,OF
1974,campabe01,Bert Campaneris,3,0.7813411078717202,3,0.7813411078717202,5.36,6,0.8799036336643581,Hitter,SS
1974,tenacge01,Gene Tenace,4,0.7230320699708455,4,0.7230320699708455,4.96,3,0.9397605143053444,Hitter,1B
1974,bandosa01,Sal Bando,5,0.7069970845481048,5,0.7069970845481048,4.85,5,0.9192411026827839,Hitter,3B
1974,rudijo01,Joe Rudi,6,0.6909620991253644,6,0.6909620991253644,4.74,1,1.0,Hitter,OF
1974,northbi01,Bill North,7,0.6034985422740524,7,0.6034985422740524,4.14,2,0.9425115062092221,Hitter,OF
1974,bluevi01,Vida Blue,8,0.3032069970845481,8,0.3032069970845481,2.08,8,0.7483915477622676,Pitcher,P
1974,lindbpa01,Paul Lindblad,9,0.27113702623906705,9,0.27113702623906705,1.86,20,0.32213166519926434,Pitcher,P
1974,holtzke01,Ken Holtzman,10,0.23323615160349853,10,0.23323615160349853,1.6,9,0.6910812291231209,Pitcher,P
1974,fingero01,Rollie Fingers,11,0.19825072886297376,11,0.19825072886297376,1.36,13,0.4856020942408377,Pitcher,P
1974,washicl01,Claudell Washington,12,0.18075801749271136,12,0.18075801749271136,1.24,15,0.3809493370638569,Hitter,OF
1975,jacksre01,Reggie Jackson,1,1.0,1,1.0,6.72,1,1.0,Hitter,OF
1975,northbi01,Bill North,2,0.8526785714285715,2,0.8526785714285715,5.73,7,0.8883417894878144,Hitter,OF
1975,tenacge01,Gene Tenace,3,0.7782738095238096,3,0.7782738095238096,5.23,4,0.9290901722971301,Hitter,C
1975,washicl01,Claudell Washington,4,0.730654761904762,4,0.730654761904762,4.91,3,0.9354406675286138,Hitter,OF
1975,bluevi01,Vida Blue,5,0.6875,5,0.6875,4.62,9,0.8208448347971561,Pitcher,P
1975,bandosa01,Sal Bando,6,0.5491071428571429,6,0.5491071428571429,3.69,2,0.9580897211202459,Hitter,3B
1975,campabe01,Bert Campaneris,7,0.4642857142857143,7,0.4642857142857143,3.12,8,0.8451113488840712,Hitter,SS
1975,rudijo01,Joe Rudi,8,0.4568452380952381,8,0.4568452380952381,3.07,11,0.7755097614515266,Hitter,1B
1975,holtzke01,Ken Holtzman,9,0.44791666666666674,9,0.44791666666666674,3.0100000000000002,10,0.7934940679827531,Pitcher,P
1975,fingero01,Rollie Fingers,10,0.32738095238095244,10,0.32738095238095244,2.2,12,0.5325967582270446,Pitcher,P
1975,toddji01,Jim Todd,11,0.3154761904761905,11,0.3154761904761905,2.12,14,0.43218761001236655,Pitcher,P
1975,garneph01,Phil Garner,12,0.28720238095238093,12,0.28720238095238093,1.93,6,0.8884092549131783,Hitter,2B
1976,bluevi01,Vida Blue,1,1.0,1,1.0,7.62,7,0.8140149744519138,Pitcher,P
1976,bandosa01,Sal Bando,2,0.7598425196850394,2,0.7598425196850394,5.79,3,0.9617240771559937,Hitter,3B
1976,torremi01,Mike Torrez,3,0.6889763779527559,3,0.6889763779527559,5.25,10,0.7684565696823177,Pitcher,P
1976,campabe01,Bert Campaneris,4,0.594488188976378,4,0.594488188976378,4.53,5,0.9070797039529042,Hitter,SS
1976,tenacge01,Gene Tenace,5,0.5590551181102362,5,0.5590551181102362,4.26,9,0.7685733301504384,Hitter,1B
1976,fingero01,Rollie Fingers,6,0.4934383202099737,6,0.4934383202099737,3.76,12,0.5332402128991985,Pitcher,P
1976,baylodo01,Don Baylor,7,0.3832020997375328,7,0.3832020997375328,2.92,1,1.0,Hitter,OF
1976,garneph01,Phil Garner,8,0.3661417322834646,8,0.3661417322834646,2.79,4,0.9192437080211519,Hitter,2B
1976,northbi01,Bill North,9,0.33858267716535434,9,0.33858267716535434,2.58,2,0.9772849987090031,Hitter,OF
1976,rudijo01,Joe Rudi,10,0.31758530183727035,10,0.31758530183727035,2.42,6,0.830677288165566,Hitter,OF
1976,bahnsst01,Stan Bahnsen,11,0.2755905511811024,11,0.2755905511811024,2.1,16,0.41855967424930807,Pitcher,P
1976,fairlro01,Ron Fairly,12,0.1062992125984252,12,0.1062992125984252,0.81,28,0.08479916152039267,Hitter,1B
1977,pagemi02,Mitchell Page,1,1.0,1,1.0,6.06,1,1.0,Hitter,OF
1977,bluevi01,Vida Blue,2,0.5858085808580858,2,0.5858085808580858,3.55,5,0.8434858128705908,Pitcher,P
1977,torrepa01,Pablo Torrealba,3,0.4603960396039604,3,0.4603960396039604,2.79,18,0.4228156841075076,Pitcher,P
1977,laceybo01,Bob Lacey,4,0.4356435643564357,4,0.4356435643564357,2.64,12,0.5169533346570845,Pitcher,P
1977,colemjo05,Joe Coleman,5,0.4323432343234324,5,0.4323432343234324,2.62,15,0.45974826418037823,Pitcher,P
1977,grosswa01,Wayne Gross,6,0.3729372937293729,6,0.3729372937293729,2.26,3,0.9664015140673349,Hitter,3B
1977,langfri01,Rick Langford,7,0.3564356435643565,7,0.3564356435643565,2.16,9,0.6655677176580114,Pitcher,P
1977,giustda01,Dave Giusti,8,0.22112211221122116,8,0.22112211221122116,1.34,25,0.31230336602130937,Pitcher,P
1977,bairdo01,Doug Bair,9,0.18976897689768976,9,0.18976897689768976,1.15,20,0.39829165776435366,Pitcher,P
1977,jorgemi01,Mike Jorgensen,10,0.12541254125412543,10,0.12541254125412543,0.76,19,0.400250815748015,Hitter,1B
1977,scottro01,Rodney Scott,11,0.11716171617161716,11,0.11716171617161716,0.71,6,0.7473045477221553,Hitter,2B
1977,sanguma01,Manny Sanguillen,12,0.10396039603960397,12,0.10396039603960397,0.63,2,0.9970291870654476,Hitter,C
1978,keougma02,Matt Keough,1,1.0,1,1.0,2.9800000000000004,5,0.8031215321281547,Pitcher,P
1978,sosael01,Elias Sosa,2,0.9161073825503354,2,0.9161073825503354,2.73,15,0.5729756577769823,Pitcher,P
1978,johnsjo04,John Henry Johnson,3,0.8926174496644294,3,0.8926174496644294,2.6599999999999997,6,0.7630776803293361,Pitcher,P
1978,langfri01,Rick Langford,4,0.8926174496644294,4,0.8926174496644294,2.6599999999999997,7,0.7117943440128871,Pitcher,P
1978,essiaji01,Jim Essian,5,0.7785234899328858,5,0.7785234899328858,2.32,8,0.6969862247055771,Hitter,C
1978,pagemi02,Mitchell Page,6,0.7583892617449662,6,0.7583892617449662,2.26,1,1.0,Hitter,OF
1978,heaveda01,Dave Heaverlo,7,0.6308724832214764,7,0.6308724832214764,1.88,14,0.60558157968754,Pitcher,P
1978,laceybo01,Bob Lacey,8,0.49328859060402674,8,0.49328859060402674,1.47,17,0.5528820731800864,Pitcher,P
1978,cartyri01,Rico Carty,9,0.4530201342281879,9,0.4530201342281879,1.35,26,0.2862276818904483,Hitter,
1978,reverda01,Dave Revering,10,0.40604026845637575,10,0.40604026845637575,1.21,2,0.9660614015770628,Hitter,1B
1978,renkost01,Steve Renko,11,0.35906040268456374,11,0.35906040268456374,1.07,12,0.6234513155539646,Pitcher,P
1978,wirthal01,Alan Wirth,12,0.2684563758389262,12,0.2684563758389262,0.8,23,0.34223465187041346,Pitcher,P
1979,langfri01,Rick Langford,1,1.0,1,1.0,4.04,6,0.8266864767564789,Pitcher,P
1979,mccatst01,Steve McCatty,2,0.6237623762376238,2,0.6237623762376238,2.52,10,0.6985650776493411,Pitcher,P
1979,kingmbr01,Brian Kingman,3,0.5099009900990099,3,0.5099009900990099,2.06,19,0.43953854466729814,Pitcher,P
1979,reverda01,Dave Revering,4,0.43316831683168316,4,0.43316831683168316,1.75,3,0.9343846452773169,Hitter,1B
1979,heaveda01,Dave Heaverlo,5,0.3712871287128713,5,0.3712871287128713,1.5,17,0.5003000172827239,Pitcher,P
1979,hamilda01,Dave Hamilton,6,0.3094059405940594,6,0.3094059405940594,1.25,21,0.4247443098478373,Pitcher,P
1979,johnsjo04,John Henry Johnson,7,0.2995049504950495,7,0.2995049504950495,1.21,23,0.3330227523501753,Pitcher,P
1979,newmaje01,Jeff Newman,8,0.2871287128712871,8,0.2871287128712871,1.16,1,1.0,Hitter,C
1979,norrimi01,Mike Norris,9,0.2747524752475248,9,0.2747524752475248,1.11,14,0.5632092897595946,Pitcher,P
1979,keougma02,Matt Keough,10,0.2376237623762376,10,0.2376237623762376,0.96,9,0.7023717324279675,Pitcher,P
1979,murphdw01,Dwayne Murphy,11,0.22524752475247525,11,0.22524752475247525,0.91,5,0.8634605757011118,Hitter,OF
1979,grosswa01,Wayne Gross,12,0.19306930693069307,12,0.19306930693069307,0.78,4,0.9337579757632133,Hitter,3B
1980,henderi01,Rickey Henderson,1,1.0,1,1.0,8.8,1,1.0,Hitter,OF
1980,murphdw01,Dwayne Murphy,2,0.7840909090909091,2,0.7840909090909091,6.9,2,0.9754952556850569,Hitter,OF
1980,armasto01,Tony Armas,3,0.671590909090909,3,0.671590909090909,5.91,3,0.9697578571476183,Hitter,OF
1980,norrimi01,Mike Norris,4,0.6670454545454545,4,0.6670454545454545,5.87,5,0.8580292363955726,Pitcher,P
1980,reverda01,Dave Revering,5,0.41363636363636364,5,0.41363636363636364,3.64,13,0.6075528076466897,Hitter,1B
1980,keougma02,Matt Keough,6,0.3715909090909091,6,0.3715909090909091,3.27,6,0.7898121948988038,Pitcher,P
1980,grosswa01,Wayne Gross,7,0.36363636363636365,7,0.36363636363636365,3.2,12,0.6281627541479694,Hitter,3B
1980,langfri01,Rick Langford,8,0.3,8,0.3,2.64,4,0.8769292003915494,Pitcher,P
1980,essiaji01,Jim Essian,9,0.13295454545454544,9,0.13295454545454544,1.17,17,0.47996100142220555,Hitter,C
1980,laceybo01,Bob Lacey,10,0.11818181818181818,10,0.11818181818181818,1.04,18,0.4479339292517177,Pitcher,P
1980,pagemi02,Mitchell Page,11,0.09772727272727272,11,0.09772727272727272,0.86,14,0.5836672087802228,Hitter,
1980,kluttmi01,Mickey Klutts,12,0.08636363636363635,12,0.08636363636363635,0.76,19,0.39554334316441897,Hitter,3B
1981,henderi01,Rickey Henderson,1,1.0,1,1.0,6.67,1,1.0,Hitter,OF
1981,mccatst01,Steve McCatty,2,0.6746626686656672,2,0.6746626686656672,4.5,5,0.810083364690712,Pitcher,P
1981,murphdw01,Dwayne Murphy,3,0.6551724137931034,3,0.6551724137931034,4.37,3,0.9625952660417492,Hitter,OF
1981,armasto01,Tony Armas,4,0.6326836581709145,4,0.6326836581709145,4.22,2,0.96971212041754,Hitter,OF
1981,grosswa01,Wayne Gross,5,0.24437781109445275,5,0.24437781109445275,1.63,10,0.6410571859535845,Hitter,3B
1981,johnscl01,Cliff Johnson,6,0.23088455772113944,6,0.23088455772113944,1.54,8,0.6653211291314709,Hitter,1B
1981,heathmi02,Mike Heath,7,0.2143928035982009,7,0.2143928035982009,1.43,7,0.6847770515229301,Hitter,C
1981,picciro01,Rob Picciolo,8,0.20089955022488756,8,0.20089955022488756,1.34,12,0.6281589880653101,Hitter,SS
1981,langfri01,Rick Langford,9,0.17091454272863568,9,0.17091454272863568,1.14,4,0.863128519843437,Pitcher,P
1981,mckayda01,Dave McKay,10,0.15292353823088456,10,0.15292353823088456,1.02,11,0.6363669321760301,Hitter,3B
1981,keougma02,Matt Keough,11,0.12893553223388307,11,0.12893553223388307,0.86,9,0.6424514896675357,Pitcher,P
1981,kluttmi01,Mickey Klutts,12,0.10644677661169415,12,0.10644677661169415,0.71,27,0.11775887162931013,Hitter,3B
1982,henderi01,Rickey Henderson,1,1.0,1,1.0,6.69,2,0.9835904450943141,Hitter,OF
1982,murphdw01,Dwayne Murphy,2,0.8774289985052317,2,0.8774289985052317,5.87,1,1.0,Hitter,OF
1982,armasto01,Tony Armas,3,0.32884902840059793,3,0.32884902840059793,2.2,3,0.8977465586016213,Hitter,OF
1982,grosswa01,Wayne Gross,4,0.30044843049327347,4,0.30044843049327347,2.01,7,0.7205015765926841,Hitter,3B
1982,underto01,Tom Underwood,5,0.2795216741405082,5,0.2795216741405082,1.87,9,0.6496009724737853,Pitcher,P
1982,burroje01,Jeff Burroughs,6,0.2451420029895366,6,0.2451420029895366,1.64,13,0.5672026835083778,Hitter,OF
1982,lopesda01,Davey Lopes,7,0.19730941704035873,7,0.19730941704035873,1.32,5,0.7750564062438994,Hitter,2B
1982,langfri01,Rick Langford,8,0.17937219730941703,8,0.17937219730941703,1.2,4,0.8096019746991671,Pitcher,P
1982,mccatst01,Steve McCatty,9,0.14947683109118085,9,0.14947683109118085,1.0,16,0.4666799330210887,Pitcher,P
1982,davismi02,Mike Davis,10,0.14947683109118085,10,0.14947683109118085,1.0,31,0.1283551461578438,Hitter,OF
1982,heathmi02,Mike Heath,11,0.13004484304932734,11,0.13004484304932734,0.87,11,0.5930370986952509,Hitter,C
1982,beardda01,Dave Beard,12,0.11061285500747384,12,0.11061285500747384,0.74,14,0.4970724807504967,Pitcher,P
1983,henderi01,Rickey Henderson,1,1.0,1,1.0,6.9,1,1.0,Hitter,OF
1983,davismi02,Mike Davis,2,0.436231884057971,2,0.436231884057971,3.01,7,0.8033316641321632,Hitter,OF
1983,lopesda01,Davey Lopes,3,0.4072463768115942,3,0.4072463768115942,2.81,2,0.9305308124355971,Hitter,2B
1983,lansfca01,Carney Lansford,4,0.35507246376811596,4,0.35507246376811596,2.45,15,0.5451909150858135,Hitter,3B
1983,burgmto01,Tom Burgmeier,5,0.30144927536231886,5,0.30144927536231886,2.08,17,0.4715790775449581,Pitcher,P
1983,murphdw01,Dwayne Murphy,6,0.24637681159420288,6,0.24637681159420288,1.7,4,0.8765691581715961,Hitter,OF
1983,kearnbo01,Bob Kearney,7,0.22608695652173913,7,0.22608695652173913,1.56,13,0.6257015731844146,Hitter,C
1983,mccatst01,Steve McCatty,8,0.2043478260869565,8,0.2043478260869565,1.41,8,0.7654300795615772,Pitcher,P
1983,atherke01,Keith Atherton,9,0.2043478260869565,9,0.2043478260869565,1.41,23,0.32641530644043587,Pitcher,P
1983,phillto02,Tony Phillips,10,0.19710144927536233,10,0.19710144927536233,1.36,3,0.8833475621230279,Hitter,SS
1983,grosswa01,Wayne Gross,11,0.16521739130434784,11,0.16521739130434784,1.1400000000000001,9,0.7630788799391044,Hitter,1B
1983,heathmi02,Mike Heath,12,0.136231884057971,12,0.136231884057971,0.94,14,0.6051914257030157,Hitter,C
1984,henderi01,Rickey Henderson,1,1.0,1,1.0,6.03,4,0.9179306560918806,Hitter,OF
1984,murphdw01,Dwayne Murphy,2,0.7197346600331674,2,0.7197346600331674,4.34,2,0.9990091226664616,Hitter,OF
1984,lansfca01,Carney Lansford,3,0.6849087893864013,3,0.6849087893864013,4.13,1,1.0,Hitter,3B
1984,burrira01,Ray Burris,4,0.6119402985074627,4,0.6119402985074627,3.6900000000000004,7,0.80617315968147,Pitcher,P
1984,caudibi01,Bill Caudill,5,0.4444444444444445,5,0.4444444444444445,2.68,14,0.5352992747546469,Pitcher,P
1984,kingmda01,Dave Kingman,6,0.4162520729684908,6,0.4162520729684908,2.51,3,0.958978177086959,Hitter,1B
1984,heathmi02,Mike Heath,7,0.33499170812603646,7,0.33499170812603646,2.02,8,0.80340549965417,Hitter,C
1984,phillto02,Tony Phillips,8,0.31011608623548925,8,0.31011608623548925,1.87,5,0.8663449139408825,Hitter,2B
1984,morgajo02,Joe Morgan,9,0.26533996683250416,9,0.26533996683250416,1.6,12,0.6741032336227395,Hitter,2B
1984,essiaji01,Jim Essian,10,0.2620232172470979,10,0.2620232172470979,1.58,24,0.3343243708346622,Hitter,C
1984,lopesda01,Davey Lopes,11,0.19568822553897178,11,0.19568822553897178,1.18,19,0.42025645973451486,Hitter,OF
1984,youngcu01,Curt Young,12,0.14759535655058043,12,0.14759535655058043,0.89,16,0.4356935734380216,Pitcher,P
1985,davismi02,Mike Davis,1,1.0,1,1.0,4.7,3,0.9359375167221226,Hitter,OF
1985,murphdw01,Dwayne Murphy,2,0.6234042553191489,2,0.6234042553191489,2.93,4,0.9280090647281831,Hitter,OF
1985,heathmi02,Mike Heath,3,0.6212765957446809,3,0.6212765957446809,2.92,6,0.7636150566118699,Hitter,C
1985,bochtbr01,Bruce Bochte,4,0.5787234042553192,4,0.5787234042553192,2.72,7,0.7462770503424436,Hitter,1B
1985,suttodo01,Don Sutton,5,0.5595744680851064,5,0.5595744680851064,2.63,8,0.6972143183864401,Pitcher,P
1985,ontivst02,Steve Ontiveros,6,0.5255319148936171,6,0.5255319148936171,2.47,21,0.32453269641118887,Pitcher,P
1985,howelja01,Jay Howell,7,0.5085106382978724,7,0.5085106382978724,2.39,15,0.5246501009807051,Pitcher,P
1985,bakerdu01,Dusty Baker,8,0.47446808510638294,8,0.47446808510638294,2.23,12,0.617477847806134,Hitter,1B
1985,phillto02,Tony Phillips,9,0.38085106382978723,9,0.38085106382978723,1.79,23,0.26964929026852735,Hitter,3B
1985,hilldo01,Donnie Hill,10,0.351063829787234,10,0.351063829787234,1.65,9,0.6735681085361945,Hitter,2B
1985,collida02,Dave Collins,11,0.2851063829787234,11,0.2851063829787234,1.34,11,0.63448790936393,Hitter,OF
1985,rijojo01,Jose Rijo,12,0.23829787234042554,12,0.23829787234042554,1.12,24,0.23331502282626848,Pitcher,P
1986,phillto02,Tony Phillips,1,1.0,1,1.0,4.4,8,0.7518354803742955,Hitter,2B
1986,lansfca01,Carney Lansford,2,0.9409090909090908,2,0.9409090909090908,4.14,3,0.9399895658236584,Hitter,3B
1986,davismi02,Mike Davis,3,0.9068181818181817,3,0.9068181818181817,3.99,7,0.8083880380836799,Hitter,OF
1986,murphdw01,Dwayne Murphy,4,0.8545454545454544,4,0.8545454545454544,3.76,12,0.5814846152404122,Hitter,OF
1986,griffal01,Alfredo Griffin,5,0.7795454545454545,5,0.7795454545454545,3.43,2,0.9508304729535062,Hitter,SS
1986,cansejo01,Jose Canseco,6,0.6818181818181818,6,0.6818181818181818,3.0,1,1.0,Hitter,OF
1986,youngcu01,Curt Young,7,0.4727272727272727,7,0.4727272727272727,2.08,6,0.8386551444774508,Pitcher,P
1986,haasmo01,Moose Haas,8,0.42272727272727273,8,0.42272727272727273,1.86,22,0.3254469349176344,Pitcher,P
1986,hilldo01,Donnie Hill,9,0.3818181818181818,9,0.3818181818181818,1.68,13,0.5618012422360249,Hitter,2B
1986,andujjo01,Joaquin Andujar,10,0.3477272727272727,10,0.3477272727272727,1.53,9,0.7154165541452876,Pitcher,P
1986,stewada01,Dave Stewart,11,0.32499999999999996,11,0.32499999999999996,1.43,11,0.6392762624898731,Pitcher,P
1986,tettlmi01,Mickey Tettleton,12,0.31136363636363634,12,0.31136363636363634,1.37,16,0.48219875776397514,Hitter,C
1987,lansfca01,Carney Lansford,1,1.0,1,1.0,5.17,3,0.915181418024931,Hitter,3B
1987,mcgwima01,Mark McGwire,2,0.9922630560928433,2,0.9922630560928433,5.13,2,0.9525776580926478,Hitter,1B
1987,stewada01,Dave Stewart,3,0.8259187620889747,3,0.8259187620889747,4.27,4,0.8552672955974844,Pitcher,P
1987,steinte01,Terry Steinbach,4,0.6847195357833656,4,0.6847195357833656,3.54,9,0.6728672737538349,Hitter,C
1987,eckerde01,Dennis Eckersley,5,0.5880077369439072,5,0.5880077369439072,3.04,13,0.5401573915198411,Pitcher,P
1987,youngcu01,Curt Young,6,0.4835589941972921,6,0.4835589941972921,2.5,8,0.6825214639336102,Pitcher,P
1987,polonlu01,Luis Polonia,7,0.390715667311412,7,0.390715667311412,2.02,7,0.6922918263765924,Hitter,OF
1987,phillto02,Tony Phillips,8,0.36363636363636365,8,0.36363636363636365,1.88,10,0.636232526252963,Hitter,2B
1987,griffal01,Alfredo Griffin,9,0.3365570599613153,9,0.3365570599613153,1.74,5,0.8147382276712933,Hitter,SS
1987,cansejo01,Jose Canseco,10,0.3075435203094778,10,0.3075435203094778,1.59,1,1.0,Hitter,OF
1987,nelsoge01,Gene Nelson,11,0.28433268858800775,11,0.28433268858800775,1.47,14,0.49347106751293074,Pitcher,P
1987,ontivst02,Steve Ontiveros,12,0.27852998065764023,12,0.27852998065764023,1.44,12,0.5487465125647404,Pitcher,P
1988,cansejo01,Jose Canseco,1,1.0,1,1.0,7.27,1,1.0,Hitter,OF
1988,hendeda01,Dave Henderson,2,0.8624484181568088,2,0.8624484181568088,6.27,6,0.8274246339095211,Hitter,OF
1988,stewada01,Dave Stewart,3,0.6121045392022009,3,0.6121045392022009,4.45,4,0.8310000000000002,Pitcher,P
1988,lansfca01,Carney Lansford,4,0.40715268225584594,4,0.40715268225584594,2.96,3,0.8502053407905812,Hitter,3B
1988,welchbo01,Bob Welch,5,0.39477303988995877,5,0.39477303988995877,2.87,7,0.7615553449459135,Pitcher,P
1988,weisswa01,Walt Weiss,6,0.38101788170563966,6,0.38101788170563966,2.77,5,0.830660583597701,Hitter,SS
1988,davisst02,Storm Davis,7,0.3796423658872077,7,0.3796423658872077,2.76,10,0.6529795418150921,Pitcher,P
1988,mcgwima01,Mark McGwire,8,0.375515818431912,8,0.375515818431912,2.73,2,0.9024914927508899,Hitter,1B
1988,steinte01,Terry Steinbach,9,0.3356258596973865,9,0.3356258596973865,2.44,12,0.5767477149228886,Hitter,C
1988,eckerde01,Dennis Eckersley,10,0.3108665749656121,10,0.3108665749656121,2.26,18,0.42498186215235795,Pitcher,P
1988,hubbagl01,Glenn Hubbard,11,0.27785419532324623,11,0.27785419532324623,2.02,14,0.5701329585073972,Hitter,2B
1988,burnsto02,Todd Burns,12,0.24759284731774417,12,0.24759284731774417,1.8,23,0.3223833059177679,Pitcher,P
1989,mooremi01,Mike Moore,1,1.0,1,1.0,5.44,7,0.7858096480795115,Pitcher,P
1989,henderi01,Rickey Henderson,2,0.9374999999999999,2,0.9374999999999999,5.1,13,0.5873528779289819,Hitter,OF
1989,lansfca01,Carney Lansford,3,0.8419117647058824,3,0.8419117647058824,4.58,2,0.9663309421463901,Hitter,3B
1989,hendeda01,Dave Henderson,4,0.7849264705882352,4,0.7849264705882352,4.27,1,1.0,Hitter,OF
1989,stewada01,Dave Stewart,5,0.7022058823529411,5,0.7022058823529411,3.82,6,0.8278310839308309,Pitcher,P
1989,mcgwima01,Mark McGwire,6,0.6562499999999999,6,0.6562499999999999,3.57,4,0.9304060979806782,Hitter,1B
1989,welchbo01,Bob Welch,7,0.6305147058823529,7,0.6305147058823529,3.43,10,0.7017667763768725,Pitcher,P
1989,burnsto02,Todd Burns,8,0.48161764705882354,8,0.48161764705882354,2.62,19,0.38298393647416484,Pitcher,P
1989,eckerde01,Dennis Eckersley,9,0.46874999999999994,9,0.46874999999999994,2.55,20,0.3694665315670213,Pitcher,P
1989,phillto02,Tony Phillips,10,0.4522058823529411,10,0.4522058823529411,2.46,5,0.834163379241017,Hitter,2B
1989,cansejo01,Jose Canseco,11,0.411764705882353,11,0.411764705882353,2.24,16,0.42121020149236493,Hitter,OF
1989,gallemi01,Mike Gallego,12,0.3768382352941176,12,0.3768382352941176,2.05,9,0.7710365510468489,Hitter,SS
1990,henderi01,Rickey Henderson,1,1.0,1,1.0,9.94,2,0.9225571279114587,Hitter,OF
1990,mcgwima01,Mark McGwire,2,0.5734406438631792,2,0.5734406438631792,5.7,1,1.0,Hitter,1B
1990,cansejo01,Jose Canseco,3,0.545271629778672,3,0.545271629778672,5.42,3,0.8748758328285887,Hitter,OF
1990,stewada01,Dave Stewart,4,0.5181086519114688,4,0.5181086519114688,5.15,5,0.8305143675222417,Pitcher,P
1990,hendeda01,Dave Henderson,5,0.4899396378269618,5,0.4899396378269618,4.87,8,0.7764473321953637,Hitter,OF
1990,weisswa01,Walt Weiss,6,0.41851106639839036,6,0.41851106639839036,4.16,7,0.7960598788469941,Hitter,SS
1990,eckerde01,Dennis Eckersley,7,0.32796780684104626,7,0.32796780684104626,3.26,16,0.43507248008707794,Pitcher,P
1990,welchbo01,Bob Welch,8,0.29577464788732394,8,0.29577464788732394,2.94,9,0.7625707441574912,Pitcher,P
1990,randowi01,Willie Randolph,9,0.23440643863179075,9,0.23440643863179075,2.33,14,0.5294259877559807,Hitter,2B
1990,nelsoge01,Gene Nelson,10,0.22837022132796783,10,0.22837022132796783,2.27,21,0.3128228752432504,Pitcher,P
1990,josefe01,Felix Jose,11,0.18008048289738432,11,0.18008048289738432,1.79,13,0.5725235394526733,Hitter,OF
1990,gallemi01,Mike Gallego,12,0.11770623742454728,12,0.11770623742454728,1.17,6,0.8018803761735761,Hitter,2B
1991,hendeda01,Dave Henderson,1,1.0,1,1.0,5.42,2,0.9488207861425716,Hitter,OF
1991,cansejo01,Jose Canseco,2,0.974169741697417,2,0.974169741697417,5.28,1,1.0,Hitter,OF
1991,henderi01,Rickey Henderson,3,0.8450184501845018,3,0.8450184501845018,4.58,6,0.8448667554963359,Hitter,OF
1991,mooremi01,Mike Moore,4,0.841328413284133,4,0.841328413284133,4.5600000000000005,9,0.764814531894927,Pitcher,P
1991,gallemi01,Mike Gallego,5,0.7619926199261993,5,0.7619926199261993,4.13,3,0.9056962025316457,Hitter,2B
1991,baineha01,Harold Baines,6,0.525830258302583,6,0.525830258302583,2.85,5,0.8511425716189209,Hitter,OF
1991,steinte01,Terry Steinbach,7,0.3154981549815498,7,0.3154981549815498,1.71,10,0.7422784810126583,Hitter,C
1991,mcgwima01,Mark McGwire,8,0.2859778597785978,8,0.2859778597785978,1.55,4,0.873167888074617,Hitter,1B
1991,eckerde01,Dennis Eckersley,9,0.2767527675276753,9,0.2767527675276753,1.5,14,0.46789851013778433,Pitcher,P
1991,blankla02,Lance Blankenship,10,0.27490774907749077,10,0.27490774907749077,1.49,15,0.43773367754830117,Hitter,2B
1991,wilsowi02,Willie Wilson,11,0.18081180811808117,11,0.18081180811808117,0.98,12,0.5473241172551633,Hitter,OF
1991,darliro01,Ron Darling,12,0.14575645756457564,12,0.14575645756457564,0.79,24,0.2747747874670719,Pitcher,P
1992,mcgwima01,Mark McGwire,1,1.0,1,1.0,6.45,1,1.0,Hitter,1B
1992,henderi01,Rickey Henderson,2,0.8728682170542635,2,0.8728682170542635,5.63,5,0.8476872986321866,Hitter,OF
1992,bordimi01,Mike Bordick,3,0.6682170542635658,3,0.6682170542635658,4.31,2,0.9889741824147985,Hitter,2B
1992,steinte01,Terry Steinbach,4,0.6170542635658914,4,0.6170542635658914,3.98,6,0.8456555558389227,Hitter,C
1992,blankla02,Lance Blankenship,5,0.5581395348837209,5,0.5581395348837209,3.6,10,0.7649724142034973,Hitter,2B
1992,eckerde01,Dennis Eckersley,6,0.44341085271317826,6,0.44341085271317826,2.86,15,0.48740070537083896,Pitcher,P
1992,lansfca01,Carney Lansford,7,0.4108527131782945,7,0.4108527131782945,2.65,3,0.9485348499145647,Hitter,3B
1992,welchbo01,Bob Welch,8,0.38139534883720927,8,0.38139534883720927,2.46,16,0.4611741166109579,Pitcher,P
1992,wilsowi02,Willie Wilson,9,0.3565891472868217,9,0.3565891472868217,2.3,8,0.7705235775675194,Hitter,OF
1992,brownje01,Jerry Browne,10,0.3534883720930232,10,0.3534883720930232,2.28,13,0.6787041051405642,Hitter,3B
1992,cansejo01,Jose Canseco,11,0.26666666666666666,11,0.26666666666666666,1.72,12,0.7172052060221197,Hitter,OF
1992,darliro01,Ron Darling,12,0.2573643410852713,12,0.2573643410852713,1.66,9,0.7666878941789834,Pitcher,P
1993,henderi01,Rickey Henderson,1,1.0,1,1.0,4.54,11,0.59720867080433,Hitter,OF
1993,wittbo01,Bobby Witt,2,0.6541850220264318,2,0.6541850220264318,2.97,4,0.8194682777078087,Pitcher,P
1993,steinte01,Terry Steinbach,3,0.5572687224669604,3,0.5572687224669604,2.53,9,0.6202838698244731,Hitter,C
1993,gatesbr01,Brent Gates,4,0.486784140969163,4,0.486784140969163,2.21,3,0.8769456556132079,Hitter,2B
1993,bordimi01,Mike Bordick,5,0.43832599118942733,5,0.43832599118942733,1.99,2,0.9105689799181156,Hitter,SS
1993,neeltr01,Troy Neel,6,0.43612334801762115,6,0.43612334801762115,1.98,5,0.7253154030244456,Hitter,1B
1993,hemonsc01,Scott Hemond,7,0.394273127753304,7,0.394273127753304,1.79,15,0.47325666658593296,Hitter,C
1993,mcgwima01,Mark McGwire,8,0.3303964757709251,8,0.3303964757709251,1.5,31,0.16720632876419478,Hitter,1B
1993,blankla02,Lance Blankenship,9,0.32599118942731276,9,0.32599118942731276,1.48,12,0.5072219228347221,Hitter,OF
1993,aldremi01,Mike Aldrete,10,0.2709251101321586,10,0.2709251101321586,1.23,13,0.4947637630788608,Hitter,1B
1993,karsast01,Steve Karsay,11,0.2158590308370044,11,0.2158590308370044,0.98,29,0.18644664529425237,Pitcher,P
1993,nunezed01,Ed Nunez,12,0.20484581497797358,12,0.20484581497797358,0.93,20,0.3498845507976491,Pitcher,P
1994,henderi01,Rickey Henderson,1,1.0,1,1.0,3.53,8,0.7748587595364685,Hitter,OF
1994,javiest01,Stan Javier,2,0.9773371104815866,2,0.9773371104815866,3.45,1,1.0,Hitter,OF
1994,ontivst02,Steve Ontiveros,3,0.9348441926345609,3,0.9348441926345609,3.3,13,0.6097508518223305,Pitcher,P
1994,steinte01,Terry Steinbach,4,0.878186968838527,4,0.878186968838527,3.1,4,0.8701855615020102,Hitter,C
1994,berroge01,Geronimo Berroa,5,0.7138810198300284,5,0.7138810198300284,2.52,6,0.842054731227062,Hitter,OF
1994,neeltr01,Troy Neel,6,0.4730878186968839,6,0.4730878186968839,1.67,10,0.6956300857515744,Hitter,1B
1994,bordimi01,Mike Bordick,7,0.46175637393767704,7,0.46175637393767704,1.63,3,0.9310527560503472,Hitter,SS
1994,mcgwima01,Mark McGwire,8,0.4107648725212465,8,0.4107648725212465,1.45,19,0.3747391978417581,Hitter,1B
1994,karsast01,Steve Karsay,9,0.2946175637393768,9,0.2946175637393768,1.04,27,0.14342339730394948,Pitcher,P
1994,gatesbr01,Brent Gates,10,0.28611898016997167,10,0.28611898016997167,1.01,14,0.5538877258752529,Hitter,2B
1994,reyesca01,Carlos Reyes,11,0.2776203966005666,11,0.2776203966005666,0.98,16,0.45519897606138376,Pitcher,P
1994,darliro01,Ron Darling,12,0.26912181303116145,12,0.26912181303116145,0.95,5,0.8433645449210367,Pitcher,P
1995,mcgwima01,Mark McGwire,1,1.0,1,1.0,5.47,9,0.7152745671557297,Hitter,1B
1995,javiest01,Stan Javier,2,0.6307129798903108,2,0.6307129798903108,3.45,4,0.8266366309697915,Hitter,OF
1995,henderi01,Rickey Henderson,3,0.5283363802559415,3,0.5283363802559415,2.89,6,0.7862580789734397,Hitter,OF
1995,bordimi01,Mike Bordick,4,0.5228519195612431,4,0.5228519195612431,2.86,5,0.8136661616494302,Hitter,SS
1995,steinte01,Terry Steinbach,5,0.4826325411334553,5,0.4826325411334553,2.64,8,0.7361755201207719,Hitter,C
1995,stottto01,Todd Stottlemyre,6,0.37294332723948814,6,0.37294332723948814,2.04,3,0.8273076923076925,Pitcher,P
1995,gatesbr01,Brent Gates,7,0.3473491773308958,7,0.3473491773308958,1.9,2,0.930851260398484,Hitter,2B
1995,berroge01,Geronimo Berroa,8,0.34003656307129804,8,0.34003656307129804,1.86,1,1.0,Hitter,OF
1995,honeyri01,Rick Honeycutt,9,0.28519195612431447,9,0.28519195612431447,1.56,20,0.29368204762728095,Pitcher,P
1995,corsiji01,Jim Corsi,10,0.27056672760511885,10,0.27056672760511885,1.48,24,0.2564795283659382,Pitcher,P
1995,ontivst02,Steve Ontiveros,11,0.21206581352833637,11,0.21206581352833637,1.16,12,0.5369420917049003,Pitcher,P
1995,vanpoto01,Todd Van Poppel,12,0.16819012797074956,12,0.16819012797074956,0.92,11,0.5642671616295907,Pitcher,P
1996,mcgwima01,Mark McGwire,1,1.0,1,1.0,6.44,5,0.8655927227967098,Hitter,1B
1996,brosisc01,Scott Brosius,2,0.8245341614906831,2,0.8245341614906831,5.31,9,0.7642257867759539,Hitter,3B
1996,steinte01,Terry Steinbach,3,0.5232919254658385,3,0.5232919254658385,3.37,4,0.8982116452606697,Hitter,C
1996,prietar01,Ariel Prieto,4,0.3959627329192546,4,0.3959627329192546,2.55,11,0.6253228272374457,Pitcher,P
1996,berroge01,Geronimo Berroa,5,0.34782608695652173,5,0.34782608695652173,2.24,1,1.0,Hitter,OF
1996,telghda01,Dave Telgheder,6,0.3183229813664596,6,0.3183229813664596,2.05,23,0.4067041044337293,Pitcher,P
1996,mohlemi01,Mike Mohler,7,0.3027950310559006,7,0.3027950310559006,1.95,14,0.49859954272194595,Pitcher,P
1996,wengedo01,Don Wengert,8,0.29503105590062106,8,0.29503105590062106,1.9,7,0.8120957309184995,Pitcher,P
1996,corsiji01,Jim Corsi,9,0.28726708074534163,9,0.28726708074534163,1.85,21,0.40984107685176857,Pitcher,P
1996,adamswi02,Willie Adams,10,0.2826086956521739,10,0.2826086956521739,1.82,24,0.37278930965541573,Pitcher,P
1996,reyesca01,Carlos Reyes,11,0.25621118012422356,11,0.25621118012422356,1.65,12,0.601597965423968,Pitcher,P
1996,groombu01,Buddy Groom,12,0.2515527950310559,12,0.2515527950310559,1.62,15,0.4633969325705115,Pitcher,P
1997,mcgwima01,Mark McGwire,1,1.0,1,1.0,3.1,7,0.7529892498420223,Hitter,1B
1997,magadda01,Dave Magadan,2,0.6516129032258065,2,0.6516129032258065,2.02,10,0.6426916149051821,Hitter,3B
1997,stairma01,Matt Stairs,3,0.6,3,0.6,1.86,6,0.7540787224524435,Hitter,OF
1997,giambja01,Jason Giambi,4,0.5741935483870968,4,0.5741935483870968,1.78,1,1.0,Hitter,OF
1997,maynebr01,Brent Mayne,5,0.5709677419354838,5,0.5709677419354838,1.77,18,0.5056740574172526,Hitter,C
1997,taylobi04,Billy Taylor,6,0.5419354838709677,6,0.5419354838709677,1.68,16,0.5710201658550911,Pitcher,P
1997,willige03,George Williams,7,0.532258064516129,7,0.532258064516129,1.65,25,0.42935390496010484,Hitter,C
1997,spiezsc01,Scott Spiezio,8,0.5225806451612903,8,0.5225806451612903,1.62,2,0.9904105708532924,Hitter,2B
1997,hayneji01,Jimmy Haynes,9,0.5064516129032258,9,0.5064516129032258,1.57,26,0.42699630656319243,Pitcher,P
1997,berroge01,Geronimo Berroa,10,0.48387096774193544,10,0.48387096774193544,1.5,17,0.5136422812035345,Hitter,OF
1997,oquismi01,Mike Oquist,11,0.4612903225806451,11,0.4612903225806451,1.43,12,0.6117918017499738,Pitcher,P
1997,smallaa01,Aaron Small,12,0.39677419354838706,12,0.39677419354838706,1.23,14,0.5833562725889129,Pitcher,P
1998,rogerke01,Kenny Rogers,1,1.0,1,1.0,7.4799999999999995,5,0.8039387308533918,Pitcher,P
1998,stairma01,Matt Stairs,2,0.45320855614973266,2,0.45320855614973266,3.39,4,0.9042213235447731,Hitter,OF
1998,giambja01,Jason Giambi,3,0.3475935828877006,3,0.3475935828877006,2.6,2,0.978584730853808,Hitter,1B
1998,henderi01,Rickey Henderson,4,0.30614973262032086,4,0.30614973262032086,2.29,3,0.9590229665947823,Hitter,OF
1998,grievbe01,Ben Grieve,5,0.2887700534759359,5,0.2887700534759359,2.16,1,1.0,Hitter,OF
1998,candito01,Tom Candiotti,6,0.2820855614973262,6,0.2820855614973262,2.11,7,0.7094622140997275,Pitcher,P
1998,heredgi01,Gil Heredia,7,0.232620320855615,7,0.232620320855615,1.74,29,0.14795443524891103,Pitcher,P
1998,hayneji01,Jimmy Haynes,8,0.20320855614973263,8,0.20320855614973263,1.52,8,0.6940542624761116,Pitcher,P
1998,roberbi01,Bip Roberts,9,0.1644385026737968,9,0.1644385026737968,1.23,20,0.32084423376201965,Hitter,2B
1998,mcdonja02,Jason McDonald,10,0.15775401069518716,10,0.15775401069518716,1.18,18,0.36128318326330633,Hitter,OF
1998,taylobi04,Billy Taylor,11,0.14171122994652408,11,0.14171122994652408,1.06,15,0.4374989812924547,Pitcher,P
1998,groombu01,Buddy Groom,12,0.1163101604278075,12,0.1163101604278075,0.87,21,0.315620154477082,Pitcher,P
1999,giambja01,Jason Giambi,1,1.0,1,1.0,5.94,1,1.0,Hitter,1B
1999,jahajo01,John Jaha,2,0.7693602693602694,2,0.7693602693602694,4.57,4,0.8336398890962797,Hitter,1B
1999,hudsoti01,Tim Hudson,3,0.6616161616161615,3,0.6616161616161615,3.9299999999999997,12,0.5328817971136813,Pitcher,P
1999,tejadmi01,Miguel Tejada,4,0.6127946127946128,4,0.6127946127946128,3.64,2,0.9596157331062105,Hitter,SS
1999,velarra01,Randy Velarde,5,0.473063973063973,5,0.473063973063973,2.81,20,0.40365964155627637,Hitter,2B
1999,heredgi01,Gil Heredia,6,0.4242424242424242,6,0.4242424242424242,2.52,6,0.7991631313800877,Pitcher,P
1999,jonesdo01,Doug Jones,7,0.398989898989899,7,0.398989898989899,2.37,13,0.4903919838643783,Pitcher,P
1999,chaveer01,Eric Chavez,8,0.35353535353535354,8,0.35353535353535354,2.1,8,0.6232425886456113,Hitter,3B
1999,rogerke01,Kenny Rogers,9,0.2946127946127946,9,0.2946127946127946,1.75,16,0.47109198869756425,Pitcher,P
1999,phillto02,Tony Phillips,10,0.2845117845117845,10,0.2845117845117845,1.69,7,0.6770128481597594,Hitter,2B
1999,stairma01,Matt Stairs,11,0.28114478114478114,11,0.28114478114478114,1.67,3,0.9012571806534622,Hitter,OF
1999,saenzol01,Olmedo Saenz,12,0.27609427609427606,12,0.27609427609427606,1.64,14,0.4854960279015696,Hitter,3B
2000,giambja01,Jason Giambi,1,1.0,1,1.0,7.76,3,0.9841566396081308,Hitter,1B
2000,tejadmi01,Miguel Tejada,2,0.5412371134020619,2,0.5412371134020619,4.2,1,1.0,Hitter,SS
2000,hudsoti01,Tim Hudson,3,0.509020618556701,3,0.509020618556701,3.9499999999999997,7,0.8095676172953084,Pitcher,P
2000,heredgi01,Gil Heredia,4,0.44329896907216493,4,0.44329896907216493,3.44,8,0.7994813650617073,Pitcher,P
2000,zitoba01,Barry Zito,5,0.43427835051546393,5,0.43427835051546393,3.37,19,0.3655901745808257,Pitcher,P
2000,appieke01,Kevin Appier,6,0.36211340206185566,6,0.36211340206185566,2.81,9,0.7824061110866934,Pitcher,P
2000,tamje01,Jeff Tam,7,0.3427835051546392,7,0.3427835051546392,2.66,17,0.4270038753639311,Pitcher,P
2000,longte01,Terrence Long,8,0.30670103092783507,8,0.30670103092783507,2.38,4,0.9118817772986585,Hitter,OF
2000,grievbe01,Ben Grieve,9,0.3028350515463918,9,0.3028350515463918,2.35,2,0.9906156323497429,Hitter,OF
2000,chaveer01,Eric Chavez,10,0.3028350515463918,10,0.3028350515463918,2.35,5,0.8614575607871429,Hitter,3B
2000,velarra01,Randy Velarde,11,0.2938144329896907,11,0.2938144329896907,2.28,10,0.7817603448578652,Hitter,2B
2000,saenzol01,Olmedo Saenz,12,0.24871134020618557,12,0.24871134020618557,1.93,18,0.38679589380301443,Hitter,3B
2001,giambja01,Jason Giambi,1,1.0,1,1.0,9.15,4,0.9831304105581333,Hitter,1B
2001,chaveer01,Eric Chavez,2,0.6612021857923497,2,0.6612021857923497,6.05,5,0.8976213785713467,Hitter,3B
2001,muldema01,Mark Mulder,3,0.614207650273224,3,0.614207650273224,5.62,7,0.8225571052337554,Pitcher,P
2001,zitoba01,Barry Zito,4,0.48524590163934417,4,0.48524590163934417,4.4399999999999995,9,0.7937134203763708,Pitcher,P
2001,hudsoti01,Tim Hudson,5,0.4841530054644808,5,0.4841530054644808,4.43,6,0.8441196549137285,Pitcher,P
2001,tejadmi01,Miguel Tejada,6,0.4557377049180328,6,0.4557377049180328,4.17,2,0.9913181755104981,Hitter,SS
2001,lidleco01,Cory Lidle,7,0.3737704918032787,7,0.3737704918032787,3.4200000000000004,11,0.6830372093023258,Pitcher,P
2001,menecfr01,Frank Menechino,8,0.3617486338797814,8,0.3617486338797814,3.31,8,0.8187365600092653,Hitter,2B
2001,damonjo01,Johnny Damon,9,0.2644808743169399,9,0.2644808743169399,2.42,1,1.0,Hitter,OF
2001,hernara02,Ramon Hernandez,10,0.24699453551912565,10,0.24699453551912565,2.26,10,0.7759445451987999,Hitter,C
2001,longte01,Terrence Long,11,0.21639344262295082,11,0.21639344262295082,1.98,3,0.9841349523750896,Hitter,OF
2001,isrinja01,Jason Isringhausen,12,0.20983606557377046,12,0.20983606557377046,1.92,14,0.4523785334631531,Pitcher,P
2002,zitoba01,Barry Zito,1,1.0,1,1.0,7.11,6,0.7742307692307694,Pitcher,P
2002,hudsoti01,Tim Hudson,2,0.9803094233473981,2,0.9803094233473981,6.970000000000001,4,0.7880000000000001,Pitcher,P
2002,tejadmi01,Miguel Tejada,3,0.7960618846694796,3,0.7960618846694796,5.66,1,1.0,Hitter,SS
2002,muldema01,Mark Mulder,4,0.6455696202531646,4,0.6455696202531646,4.59,9,0.6884615384615386,Pitcher,P
2002,chaveer01,Eric Chavez,5,0.5991561181434598,5,0.5991561181434598,4.26,2,0.9174753024753025,Hitter,3B
2002,lidleco01,Cory Lidle,6,0.4894514767932489,6,0.4894514767932489,3.48,11,0.6552197802197803,Pitcher,P
2002,hattesc01,Scott Hatteberg,7,0.46694796061884664,7,0.46694796061884664,3.32,5,0.7873780077946746,Hitter,1B
2002,ellisma01,Mark Ellis,8,0.379746835443038,8,0.379746835443038,2.7,12,0.5569883203216538,Hitter,2B
2002,mabryjo01,John Mabry,9,0.2587904360056259,9,0.2587904360056259,1.84,14,0.44203864734299525,Hitter,OF
2002,kochbi01,Billy Koch,10,0.2545710267229255,10,0.2545710267229255,1.81,13,0.4961538461538462,Pitcher,P
2002,hernara02,Ramon Hernandez,11,0.24191279887482417,11,0.24191279887482417,1.72,8,0.7390966183574881,Hitter,C
2002,justida01,David Justice,12,0.23066104078762303,12,0.23066104078762303,1.64,10,0.6553097982264651,Hitter,OF
2003,hudsoti01,Tim Hudson,1,1.0,1,1.0,7.45,6,0.8006731042317524,Pitcher,P
2003,muldema01,Mark Mulder,2,0.7637583892617449,2,0.7637583892617449,5.6899999999999995,12,0.6194737395731432,Pitcher,P
2003,chaveer01,Eric Chavez,3,0.7073825503355704,3,0.7073825503355704,5.27,2,0.9444271448735889,Hitter,3B
2003,zitoba01,Barry Zito,4,0.702013422818792,4,0.702013422818792,5.23,7,0.7889252448273324,Pitcher,P
2003,tejadmi01,Miguel Tejada,5,0.6550335570469799,5,0.6550335570469799,4.88,1,1.0,Hitter,SS
2003,foulkke01,Keith Foulke,6,0.4711409395973154,6,0.4711409395973154,3.51,14,0.47892828215889843,Pitcher,P
2003,hernara02,Ramon Hernandez,7,0.4604026845637584,7,0.4604026845637584,3.43,8,0.7802476944757761,Hitter,C
2003,ellisma01,Mark Ellis,8,0.39999999999999997,8,0.39999999999999997,2.98,4,0.8779313244161581,Hitter,2B
2003,lillyte01,Ted Lilly,9,0.2926174496644295,9,0.2926174496644295,2.1799999999999997,11,0.63967561035901,Pitcher,P
2003,byrneer01,Eric Byrnes,10,0.287248322147651,10,0.287248322147651,2.14,10,0.6707778314163394,Hitter,OF
2003,bradfch01,Chad Bradford,11,0.2563758389261745,11,0.2563758389261745,1.91,16,0.36134879996506747,Pitcher,P
2003,durazer01,Erubiel Durazo,12,0.24161073825503357,12,0.24161073825503357,1.8,3,0.9094633272780762,Hitter,1B
2004,chaveer01,Eric Chavez,1,1.0,1,1.0,5.53,7,0.8547323748586216,Hitter,3B
2004,kotsama01,Mark Kotsay,2,0.8264014466546112,2,0.8264014466546112,4.57,1,1.0,Hitter,OF
2004,hudsoti01,Tim Hudson,3,0.7649186256781192,3,0.7649186256781192,4.2299999999999995,13,0.6698186972146483,Pitcher,P
2004,harderi01,Rich Harden,4,0.6636528028933092,4,0.6636528028933092,3.67,12,0.7030188934264007,Pitcher,P
2004,byrneer01,Eric Byrnes,5,0.6148282097649186,5,0.6148282097649186,3.4,3,0.9461763497996621,Hitter,OF
2004,durazer01,Erubiel Durazo,6,0.6057866184448463,6,0.6057866184448463,3.35,5,0.8887516181069155,Hitter,1B
2004,crosbbo01,Bobby Crosby,7,0.589511754068716,7,0.589511754068716,3.26,4,0.9350528351110946,Hitter,SS
2004,muldema01,Mark Mulder,8,0.5678119349005424,8,0.5678119349005424,3.1399999999999997,8,0.806598194833489,Pitcher,P
2004,zitoba01,Barry Zito,9,0.5063291139240506,9,0.5063291139240506,2.8,10,0.7832508811829344,Pitcher,P
2004,duchsju01,Justin Duchscherer,10,0.42495479204339964,10,0.42495479204339964,2.35,18,0.3770644873738105,Pitcher,P
2004,redmama01,Mark Redman,11,0.30018083182640143,11,0.30018083182640143,1.66,11,0.7139732374157608,Pitcher,P
2004,hattesc01,Scott Hatteberg,12,0.2694394213381555,12,0.2694394213381555,1.49,2,0.9516983031419626,Hitter,1B
2005,chaveer01,Eric Chavez,1,1.0,1,1.0,4.82,1,1.0,Hitter,3B
2005,ellisma01,Mark Ellis,2,0.9730290456431535,2,0.9730290456431535,4.69,9,0.7138357497251849,Hitter,2B
2005,blantjo01,Joe Blanton,3,0.7883817427385891,3,0.7883817427385891,3.8,8,0.7339059343532599,Pitcher,P
2005,harderi01,Rich Harden,4,0.7738589211618256,4,0.7738589211618256,3.73,16,0.45971135978086636,Pitcher,P
2005,crosbbo01,Bobby Crosby,5,0.7614107883817427,5,0.7614107883817427,3.67,14,0.5314411697713343,Hitter,SS
2005,harenda01,Dan Haren,6,0.7095435684647302,6,0.7095435684647302,3.42,5,0.7791868706519541,Pitcher,P
2005,zitoba01,Barry Zito,7,0.6742738589211618,7,0.6742738589211618,3.25,4,0.8140298507462689,Pitcher,P
2005,streehu01,Huston Street,8,0.6016597510373444,8,0.6016597510373444,2.9,15,0.4686861313868614,Pitcher,P
2005,kotsama01,Mark Kotsay,9,0.5850622406639003,9,0.5850622406639003,2.82,3,0.8923804802083644,Hitter,OF
2005,kendaja01,Jason Kendall,10,0.5124481327800829,10,0.5124481327800829,2.47,2,0.9356674044584411,Hitter,C
2005,duchsju01,Justin Duchscherer,11,0.491701244813278,11,0.491701244813278,2.37,18,0.4027163610699281,Pitcher,P
2005,saarlki01,Kirk Saarloos,12,0.470954356846473,12,0.470954356846473,2.27,13,0.5936518450500367,Pitcher,P
2006,zitoba01,Barry Zito,1,1.0,1,1.0,4.4,8,0.8024958360025626,Pitcher,P
2006,kendaja01,Jason Kendall,2,0.8409090909090908,2,0.8409090909090908,3.7,2,0.9032270406186559,Hitter,C
2006,swishni01,Nick Swisher,3,0.7954545454545454,3,0.7954545454545454,3.5,1,1.0,Hitter,1B
2006,harenda01,Dan Haren,4,0.7818181818181817,4,0.7818181818181817,3.44,7,0.8074285714285716,Pitcher,P
2006,thomafr04,Frank Thomas,5,0.7159090909090908,5,0.7159090909090908,3.15,5,0.8495146895873046,Hitter,
2006,chaveer01,Eric Chavez,6,0.6431818181818182,6,0.6431818181818182,2.83,4,0.8515295922637037,Hitter,3B
2006,ellisma01,Mark Ellis,7,0.584090909090909,7,0.584090909090909,2.57,9,0.7408389123932619,Hitter,2B
2006,paytoja01,Jay Payton,8,0.45909090909090905,8,0.45909090909090905,2.02,3,0.878428216095588,Hitter,OF
2006,bradlmi01,Milton Bradley,9,0.3909090909090909,9,0.3909090909090909,1.72,12,0.6014672637035661,Hitter,OF
2006,duchsju01,Justin Duchscherer,10,0.3454545454545454,10,0.3454545454545454,1.52,22,0.29790450796728823,Pitcher,P
2006,streehu01,Huston Street,11,0.3272727272727272,11,0.3272727272727272,1.44,18,0.4517185564808884,Pitcher,P
2006,kieltbo01,Bobby Kielty,12,0.32045454545454544,12,0.32045454545454544,1.41,17,0.45599037031010276,Hitter,OF
2007,ellisma01,Mark Ellis,1,1.0,1,1.0,4.78,2,0.9865487903699424,Hitter,2B
2007,harenda01,Dan Haren,2,0.9476987447698745,2,0.9476987447698745,4.53,5,0.7961813463870098,Pitcher,P
2007,swishni01,Nick Swisher,3,0.910041841004184,3,0.910041841004184,4.35,1,1.0,Hitter,OF
2007,blantjo01,Joe Blanton,4,0.7322175732217573,4,0.7322175732217573,3.5,4,0.8137998436278344,Pitcher,P
2007,custja01,Jack Cust,5,0.6924686192468619,5,0.6924686192468619,3.31,6,0.7849737343009899,Hitter,OF
2007,bucktr01,Travis Buck,6,0.4728033472803347,6,0.4728033472803347,2.26,12,0.519066140996756,Hitter,OF
2007,chaveer01,Eric Chavez,7,0.4435146443514644,7,0.4435146443514644,2.12,10,0.5844525965728632,Hitter,3B
2007,johnsda06,Dan Johnson,8,0.37656903765690375,8,0.37656903765690375,1.8,7,0.7530169743291005,Hitter,1B
2007,kendaja01,Jason Kendall,9,0.3263598326359833,9,0.3263598326359833,1.56,15,0.48436363350142475,Hitter,C
2007,gaudich01,Chad Gaudin,10,0.303347280334728,10,0.303347280334728,1.45,8,0.7401224915298412,Pitcher,P
2007,stewash01,Shannon Stewart,11,0.28661087866108786,11,0.28661087866108786,1.37,3,0.9566561429860124,Hitter,OF
2007,bartoda02,Daric Barton,12,0.27405857740585776,12,0.27405857740585776,1.31,31,0.131740061528532,Hitter,1B
2008,ellisma01,Mark Ellis,1,1.0,1,1.0,4.04,6,0.8234412738913082,Hitter,2B
2008,suzukku01,Kurt Suzuki,2,0.948019801980198,2,0.948019801980198,3.83,3,0.9738071311258897,Hitter,C
2008,duchsju01,Justin Duchscherer,3,0.9356435643564357,3,0.9356435643564357,3.7800000000000002,11,0.5875748262100592,Pitcher,P
2008,zieglbr01,Brad Ziegler,4,0.6881188118811881,4,0.6881188118811881,2.78,18,0.35727872901102353,Pitcher,P
2008,custja01,Jack Cust,5,0.6633663366336634,5,0.6633663366336634,2.68,1,1.0,Hitter,OF
2008,harderi01,Rich Harden,6,0.6287128712871287,6,0.6287128712871287,2.54,19,0.32764913693706377,Pitcher,P
2008,hannaja01,Jack Hannahan,7,0.6039603960396039,7,0.6039603960396039,2.44,5,0.8448205148860571,Hitter,3B
2008,smithgr02,Greg Smith,8,0.5074257425742574,8,0.5074257425742574,2.05,7,0.8088366224676842,Pitcher,P
2008,sweenry01,Ryan Sweeney,9,0.504950495049505,9,0.504950495049505,2.04,9,0.7264731125008417,Hitter,OF
2008,devinjo01,Joey Devine,10,0.47029702970297027,10,0.47029702970297027,1.9,26,0.24752174825633105,Pitcher,P
2008,davisra01,Rajai Davis,11,0.37623762376237624,11,0.37623762376237624,1.52,14,0.509431895320957,Hitter,OF
2008,evelada01,Dana Eveland,12,0.3440594059405941,12,0.3440594059405941,1.3900000000000001,10,0.7199288553911269,Pitcher,P
2009,bailean01,Andrew Bailey,1,1.0,1,1.0,3.68,14,0.5233401962759047,Pitcher,P
2009,suzukku01,Kurt Suzuki,2,0.9293478260869564,2,0.9293478260869564,3.42,1,1.0,Hitter,C
2009,davisra01,Rajai Davis,3,0.8831521739130435,3,0.8831521739130435,3.25,7,0.7310058099263045,Hitter,OF
2009,sweenry01,Ryan Sweeney,4,0.8097826086956521,4,0.8097826086956521,2.98,4,0.8730877531590538,Hitter,OF
2009,hollima01,Matt Holliday,5,0.8043478260869564,5,0.8043478260869564,2.96,10,0.6480145765106977,Hitter,OF
2009,bradeda01,Dallas Braden,6,0.7608695652173912,6,0.7608695652173912,2.8,11,0.5926885790166334,Pitcher,P
2009,wuertmi01,Michael Wuertz,7,0.6277173913043478,7,0.6277173913043478,2.31,16,0.43872658397627773,Pitcher,P
2009,anderbr04,Brett Anderson,8,0.5978260869565217,8,0.5978260869565217,2.2,6,0.7741650744449882,Pitcher,P
2009,cahiltr01,Trevor Cahill,9,0.4619565217391304,9,0.4619565217391304,1.7,5,0.7999854497835657,Pitcher,P
2009,zieglbr01,Brad Ziegler,10,0.44836956521739124,10,0.44836956521739124,1.65,17,0.4216391004658618,Pitcher,P
2009,breslcr01,Craig Breslow,11,0.37499999999999994,11,0.37499999999999994,1.38,23,0.31713313095140505,Pitcher,P
2009,tomkobr01,Brett Tomko,12,0.3641304347826087,12,0.3641304347826087,1.34,33,0.15977164609367409,Pitcher,P
2010,bartoda02,Daric Barton,1,1.0,1,1.0,5.51,1,1.0,Hitter,1B
2010,pennicl01,Cliff Pennington,2,0.8112522686025408,2,0.8112522686025408,4.47,2,0.875891998092661,Hitter,SS
2010,cahiltr01,Trevor Cahill,3,0.7168784029038112,3,0.7168784029038112,3.9499999999999997,7,0.765581999395953,Pitcher,P
2010,gonzagi01,Gio Gonzalez,4,0.6969147005444646,4,0.6969147005444646,3.84,6,0.7992000000000001,Pitcher,P
2010,crispco01,Coco Crisp,5,0.617059891107078,5,0.617059891107078,3.4,14,0.48547794463697436,Hitter,OF
2010,ellisma01,Mark Ellis,6,0.6116152450090745,6,0.6116152450090745,3.37,9,0.731793436871604,Hitter,2B
2010,bradeda01,Dallas Braden,7,0.44101633393829404,7,0.44101633393829404,2.43,8,0.7546185442464513,Pitcher,P
2010,kouzmke01,Kevin Kouzmanoff,8,0.4246823956442831,8,0.4246823956442831,2.34,3,0.8747222863988364,Hitter,3B
2010,custja01,Jack Cust,9,0.40834845735027225,9,0.40834845735027225,2.25,10,0.6425539725324093,Hitter,OF
2010,suzukku01,Kurt Suzuki,10,0.397459165154265,10,0.397459165154265,2.19,5,0.8003263594746075,Hitter,C
2010,bailean01,Andrew Bailey,11,0.3883847549909256,11,0.3883847549909256,2.14,19,0.3471023255813955,Pitcher,P
2010,anderbr04,Brett Anderson,12,0.3484573502722323,12,0.3484573502722323,1.92,16,0.45136915332729294,Pitcher,P
2011,gonzagi01,Gio Gonzalez,1,1.0,1,1.0,4.4399999999999995,8,0.80197190846028,Pitcher,P
2011,mccarbr01,Brandon McCarthy,2,0.7432432432432433,2,0.7432432432432433,3.3,10,0.6615003590864466,Pitcher,P
2011,cahiltr01,Trevor Cahill,3,0.6081081081081081,3,0.6081081081081081,2.6999999999999997,7,0.8331703957357753,Pitcher,P
2011,crispco01,Coco Crisp,4,0.5653153153153153,4,0.5653153153153153,2.51,2,0.9961465846351762,Hitter,OF
2011,willijo03,Josh Willingham,5,0.5112612612612614,5,0.5112612612612614,2.27,4,0.9855902159632334,Hitter,OF
2011,balfogr01,Grant Balfour,6,0.4527027027027027,6,0.4527027027027027,2.01,18,0.3482287318095417,Pitcher,P
2011,moscogu01,Guillermo Moscoso,7,0.41441441441441446,7,0.41441441441441446,1.8399999999999999,14,0.5194030018115919,Pitcher,P
2011,weeksje01,Jemile Weeks,8,0.39189189189189194,8,0.39189189189189194,1.74,9,0.7487879574837014,Hitter,2B
2011,suzukku01,Kurt Suzuki,9,0.3445945945945946,9,0.3445945945945946,1.53,5,0.8989504875134707,Hitter,C
2011,sizemsc01,Scott Sizemore,10,0.30630630630630634,10,0.30630630630630634,1.36,12,0.6249436636151382,Hitter,3B
2011,dejesda01,David DeJesus,11,0.2545045045045045,11,0.2545045045045045,1.13,6,0.8788424448572564,Hitter,OF
2011,anderbr04,Brett Anderson,12,0.2545045045045045,12,0.2545045045045045,1.13,22,0.3292574057077959,Pitcher,P
2012,reddijo01,Josh Reddick,1,1.0,1,1.0,4.58,1,1.0,Hitter,OF
2012,cespeyo01,Yoenis Cespedes,2,0.8668122270742359,2,0.8668122270742359,3.97,2,0.813974600630784,Hitter,OF
2012,parkeja02,Jarrod Parker,3,0.8231441048034934,3,0.8231441048034934,3.77,4,0.7535445387662707,Pitcher,P
2012,crispco01,Coco Crisp,4,0.6637554585152838,4,0.6637554585152838,3.04,5,0.7493643493632993,Hitter,OF
2012,colonba01,Bartolo Colon,5,0.5786026200873363,5,0.5786026200873363,2.6500000000000004,9,0.6301778155065084,Pitcher,P
2012,cookry01,Ryan Cook,6,0.5698689956331877,6,0.5698689956331877,2.61,15,0.44101403508771936,Pitcher,P
2012,balfogr01,Grant Balfour,7,0.4912663755458515,7,0.4912663755458515,2.25,11,0.49614035087719305,Pitcher,P
2012,mossbr01,Brandon Moss,8,0.4650655021834061,8,0.4650655021834061,2.13,12,0.47139788212039985,Hitter,1B
2012,griffaj01,A. J. Griffin,9,0.46069868995633184,9,0.46069868995633184,2.11,20,0.3565913978494624,Pitcher,P
2012,mccarbr01,Brandon McCarthy,10,0.4563318777292576,10,0.4563318777292576,2.09,13,0.4632254668930392,Pitcher,P
2012,milonto01,Tommy Milone,11,0.44978165938864617,11,0.44978165938864617,2.0599999999999996,3,0.7944000000000002,Pitcher,P
2012,pennicl01,Cliff Pennington,12,0.43886462882096067,12,0.43886462882096067,2.01,7,0.717556174089069,Hitter,SS
2013,donaljo02,Josh Donaldson,1,1.0,1,1.0,7.24,1,1.0,Hitter,3B
2013,colonba01,Bartolo Colon,2,0.7679558011049723,2,0.7679558011049723,5.56,8,0.7588480046948359,Pitcher,P
2013,crispco01,Coco Crisp,3,0.5276243093922651,3,0.5276243093922651,3.82,3,0.8566915662783321,Hitter,OF
2013,reddijo01,Josh Reddick,4,0.3798342541436464,4,0.3798342541436464,2.75,10,0.656948577113217,Hitter,OF
2013,griffaj01,A. J. Griffin,5,0.3715469613259669,5,0.3715469613259669,2.6900000000000004,5,0.8011267605633805,Pitcher,P
2013,mossbr01,Brandon Moss,6,0.3632596685082873,6,0.3632596685082873,2.63,6,0.7933587579341778,Hitter,1B
2013,parkeja02,Jarrod Parker,7,0.31215469613259667,7,0.31215469613259667,2.26,7,0.7928767605633805,Pitcher,P
2013,lowrije01,Jed Lowrie,8,0.30386740331491713,8,0.30386740331491713,2.2,2,0.9817288684861455,Hitter,SS
2013,norride01,Derek Norris,9,0.2776243093922652,9,0.2776243093922652,2.01,15,0.5152704990728051,Hitter,C
2013,cookry01,Ryan Cook,10,0.22099447513812157,10,0.22099447513812157,1.6,20,0.37042982456140355,Pitcher,P
2013,balfogr01,Grant Balfour,11,0.21408839779005526,11,0.21408839779005526,1.55,16,0.43712206572769957,Pitcher,P
2013,straida01,Dan Straily,12,0.2058011049723757,12,0.2058011049723757,1.49,12,0.630804870892019,Pitcher,P
2014,donaljo02,Josh Donaldson,1,1.0,1,1.0,6.94,1,1.0,Hitter,3B
2014,grayso01,Sonny Gray,2,0.46829971181556196,2,0.46829971181556196,3.25,4,0.8025000000000002,Pitcher,P
2014,reddijo01,Josh Reddick,3,0.4610951008645533,3,0.4610951008645533,3.2,11,0.6119008731770503,Hitter,OF
2014,norride01,Derek Norris,4,0.4553314121037464,4,0.4553314121037464,3.16,7,0.683924071725451,Hitter,C
2014,cespeyo01,Yoenis Cespedes,5,0.41354466858789624,5,0.41354466858789624,2.87,10,0.6297430185449958,Hitter,OF
2014,mossbr01,Brandon Moss,6,0.30835734870317005,6,0.30835734870317005,2.14,2,0.8493099830787475,Hitter,OF
2014,kazmisc01,Scott Kazmir,7,0.2694524495677233,7,0.2694524495677233,1.8699999999999999,6,0.722854573128546,Pitcher,P
2014,jasojo01,John Jaso,8,0.2680115273775216,8,0.2680115273775216,1.86,13,0.5194447054429756,Hitter,C
2014,gentrcr01,Craig Gentry,9,0.2665706051873199,9,0.2665706051873199,1.85,14,0.4781257623736138,Hitter,OF
2014,oteroda01,Dan Otero,10,0.26512968299711814,10,0.26512968299711814,1.84,18,0.40220146672201473,Pitcher,P
2014,lestejo01,Jon Lester,11,0.26080691642651294,11,0.26080691642651294,1.81,24,0.27670852359208536,Pitcher,P
2014,abadfe01,Fernando Abad,12,0.2579250720461095,12,0.2579250720461095,1.79,23,0.3164878234398783,Pitcher,P
2015,grayso01,Sonny Gray,1,1.0,1,1.0,5.4,7,0.8147449176818088,Pitcher,P
2015,reddijo01,Josh Reddick,2,0.6574074074074073,2,0.6574074074074073,3.55,4,0.9700001822507585,Hitter,OF
2015,vogtst01,Stephen Vogt,3,0.6574074074074073,3,0.6574074074074073,3.55,6,0.8581421485573895,Hitter,C
2015,kazmisc01,Scott Kazmir,4,0.587037037037037,4,0.587037037037037,3.17,15,0.44353477752343295,Pitcher,P
2015,burnsbi02,Billy Burns,5,0.55,5,0.55,2.97,5,0.8983114307355992,Hitter,OF
2015,semiema01,Marcus Semien,6,0.3555555555555555,6,0.3555555555555555,1.92,1,1.0,Hitter,SS
2015,lawribr01,Brett Lawrie,7,0.31111111111111106,7,0.31111111111111106,1.68,2,0.9950871590272158,Hitter,3B
2015,phegljo01,Josh Phegley,8,0.30740740740740735,8,0.30740740740740735,1.66,16,0.4220059797433078,Hitter,C
2015,canhama01,Mark Canha,9,0.30370370370370364,9,0.30370370370370364,1.64,8,0.8083220172665009,Hitter,1B
2015,valenda01,Danny Valencia,10,0.2796296296296296,10,0.2796296296296296,1.51,20,0.3421113398660105,Hitter,3B
2015,chaveje01,Jesse Chavez,11,0.24444444444444444,11,0.24444444444444444,1.32,10,0.6545157770526139,Pitcher,P
2015,zobribe01,Ben Zobrist,12,0.24259259259259258,12,0.24259259259259258,1.31,14,0.4486723991457875,Hitter,2B
2016,graveke01,Kendall Graveman,1,1.0,1,1.0,3.41,6,0.8119918253414417,Pitcher,P
2016,semiema01,Marcus Semien,2,0.9853372434017594,2,0.9853372434017594,3.36,1,1.0,Hitter,SS
2016,manaese01,Sean Manaea,3,0.873900293255132,3,0.873900293255132,2.98,8,0.6332513294807602,Pitcher,P
2016,hillri01,Rich Hill,4,0.8504398826979471,4,0.8504398826979471,2.9,19,0.34268689642752637,Pitcher,P
2016,daviskh01,Khris Davis,5,0.7096774193548386,5,0.7096774193548386,2.42,2,0.9912681361373761,Hitter,OF
2016,reddijo01,Josh Reddick,6,0.7096774193548386,6,0.7096774193548386,2.42,15,0.4361891907759358,Hitter,OF
2016,healyry01,Ryon Healy,7,0.6979472140762463,7,0.6979472140762463,2.38,12,0.4650529852762244,Hitter,3B
2016,dullry01,Ryan Dull,8,0.6803519061583577,8,0.6803519061583577,2.32,17,0.41609432801326646,Pitcher,P
2016,vogtst01,Stephen Vogt,9,0.5894428152492668,9,0.5894428152492668,2.01,4,0.8532918702182746,Hitter,C
2016,madsory01,Ryan Madson,10,0.3812316715542522,10,0.3812316715542522,1.3,13,0.4601766352264968,Pitcher,P
2016,valenda01,Danny Valencia,11,0.33724340175953077,11,0.33724340175953077,1.15,5,0.831021967894423,Hitter,3B
2016,cottojh01,Jharel Cotton,12,0.28739002932551316,12,0.28739002932551316,0.98,38,0.12896483267462266,Pitcher,P
2017,lowrije01,Jed Lowrie,1,1.0,1,1.0,3.4,2,0.977434495352607,Hitter,2B
2017,chapmma01,Matt Chapman,2,0.9705882352941176,2,0.9705882352941176,3.3,11,0.5056233195619386,Hitter,3B
2017,olsonma02,Matt Olson,3,0.8529411764705882,3,0.8529411764705882,2.9,21,0.3501631472431529,Hitter,1B
2017,daviskh01,Khris Davis,4,0.8235294117647058,4,0.8235294117647058,2.8,1,1.0,Hitter,OF
2017,joycema01,Matt Joyce,5,0.611764705882353,5,0.611764705882353,2.08,4,0.8426102968835933,Hitter,OF
2017,graveke01,Kendall Graveman,6,0.5323529411764706,6,0.5323529411764706,1.81,10,0.5240053607649958,Pitcher,P
2017,alonsyo01,Yonder Alonso,7,0.5147058823529412,7,0.5147058823529412,1.75,7,0.5852191286538487,Hitter,1B
2017,semiema01,Marcus Semien,8,0.5029411764705882,8,0.5029411764705882,1.71,8,0.5710132388579976,Hitter,SS
2017,mengdda01,Daniel Mengden,9,0.4470588235294118,9,0.4470588235294118,1.52,33,0.20758910460736021,Pitcher,P
2017,grayso01,Sonny Gray,10,0.4411764705882353,10,0.4411764705882353,1.5,13,0.47003259924659524,Pitcher,P
2017,madsory01,Ryan Madson,11,0.4411764705882353,11,0.4411764705882353,1.5,32,0.24259453781512613,Pitcher,P
2017,manaese01,Sean Manaea,12,0.43529411764705883,12,0.43529411764705883,1.48,5,0.7925000000000002,Pitcher,P
2018,chapmma01,Matt Chapman,1,1.0,1,1.0,7.43,5,0.9040183151238589,Hitter,3B
2018,treinbl01,Blake Treinen,2,0.588156123822342,2,0.588156123822342,4.37,13,0.5549290405140298,Pitcher,P
2018,semiema01,Marcus Semien,3,0.5612382234185733,3,0.5612382234185733,4.17,1,1.0,Hitter,SS
2018,olsonma02,Matt Olson,4,0.5343203230148049,4,0.5343203230148049,3.97,3,0.9656853197168896,Hitter,1B
2018,lowrije01,Jed Lowrie,5,0.531628532974428,5,0.531628532974428,3.95,2,0.9810962913341967,Hitter,2B
2018,piscost01,Stephen Piscotty,6,0.39973082099596235,6,0.39973082099596235,2.97,6,0.8971277674330215,Hitter,OF
2018,manaese01,Sean Manaea,7,0.3970390309555855,7,0.3970390309555855,2.95,7,0.8067910581516803,Pitcher,P
2018,daviskh01,Khris Davis,8,0.3781965006729475,8,0.3781965006729475,2.81,4,0.9628280485878704,Hitter,OF
2018,laurera01,Ramon Laureano,9,0.3001345895020189,9,0.3001345895020189,2.23,25,0.26537725516627153,Hitter,OF
2018,pindech01,Chad Pinder,10,0.2718707940780619,10,0.2718707940780619,2.02,10,0.5802178439467066,Hitter,OF
2018,petityu01,Yusmeiro Petit,11,0.24495289367429343,11,0.24495289367429343,1.82,14,0.5117546687926524,Pitcher,P
2018,trivilo01,Lou Trivino,12,0.22611036339165544,12,0.22611036339165544,1.68,16,0.44975085758896904,Pitcher,P
2019,semiema01,Marcus Semien,1,1.0,1,1.0,8.43,1,1.0,Hitter,SS
2019,chapmma01,Matt Chapman,2,0.8623962040332147,2,0.8623962040332147,7.27,2,0.9064431356784445,Hitter,3B
2019,olsonma02,Matt Olson,3,0.601423487544484,3,0.601423487544484,5.07,6,0.746050176301795,Hitter,1B
2019,canhama01,Mark Canha,4,0.5065243179122182,4,0.5065243179122182,4.27,9,0.6830927207371762,Hitter,OF
2019,hendrli01,Liam Hendriks,5,0.4341637010676157,5,0.4341637010676157,3.66,14,0.5322118750683734,Pitcher,P
2019,laurera01,Ramon Laureano,6,0.4092526690391459,6,0.4092526690391459,3.45,10,0.6707543133195308,Hitter,OF
2019,fiersmi01,Mike Fiers,7,0.398576512455516,7,0.398576512455516,3.36,3,0.7942500000000002,Pitcher,P
2019,anderbr04,Brett Anderson,8,0.36298932384341637,8,0.36298932384341637,3.06,4,0.7536346953287388,Pitcher,P
2019,montafr01,Frankie Montas,9,0.3096085409252669,9,0.3096085409252669,2.61,17,0.4043448200415711,Pitcher,P
2019,petityu01,Yusmeiro Petit,10,0.28706998813760387,10,0.28706998813760387,2.4200000000000004,16,0.427202166064982,Pitcher,P
2019,bassich01,Chris Bassitt,11,0.24555160142348753,11,0.24555160142348753,2.07,12,0.6206687452138718,Pitcher,P
2019,pindech01,Chad Pinder,12,0.1981020166073547,12,0.1981020166073547,1.67,11,0.6233029675638373,Hitter,OF
2020,bassich01,Chris Bassitt,1,1.0,1,1.0,2.15,6,0.7961538461538463,Pitcher,P
2020,canhama01,Mark Canha,2,0.6837209302325582,2,0.6837209302325582,1.47,2,0.9785928303905833,Hitter,OF
2020,laurera01,Ramon Laureano,3,0.6651162790697674,3,0.6651162790697674,1.43,4,0.8895666131621188,Hitter,OF
2020,hendrli01,Liam Hendriks,4,0.6604651162790698,4,0.6604651162790698,1.42,15,0.48731786731786736,Pitcher,P
2020,diekmja01,Jake Diekman,5,0.6465116279069767,5,0.6465116279069767,1.39,23,0.3316280016280017,Pitcher,P
2020,olsonma02,Matt Olson,6,0.5953488372093023,6,0.5953488372093023,1.28,1,1.0,Hitter,1B
2020,grossro01,Robbie Grossman,7,0.572093023255814,7,0.572093023255814,1.23,5,0.8084590690208668,Hitter,OF
2020,chapmma01,Matt Chapman,8,0.5395348837209302,8,0.5395348837209302,1.16,13,0.6430123060460141,Hitter,3B
2020,murphse01,Sean Murphy,9,0.5255813953488372,9,0.5255813953488372,1.13,14,0.6309762711864408,Hitter,C
2020,petityu01,Yusmeiro Petit,10,0.39069767441860465,10,0.39069767441860465,0.84,18,0.36915343915343923,Pitcher,P
2020,luzarje01,Jesus Luzardo,11,0.34418604651162793,11,0.34418604651162793,0.74,8,0.7372471972471973,Pitcher,P
2020,wendejb01,J. B. Wendelken,12,0.3395348837209302,12,0.3395348837209302,0.73,19,0.3636385836385837,Pitcher,P
2021,olsonma02,Matt Olson,1,1.0,1,1.0,5.94,1,1.0,Hitter,1B
2021,bassich01,Chris Bassitt,2,0.67003367003367,2,0.67003367003367,3.98,11,0.6684902903469082,Pitcher,P
2021,montafr01,Frankie Montas,3,0.6228956228956228,3,0.6228956228956228,3.7,5,0.7938461538461541,Pitcher,P
2021,manaese01,Sean Manaea,4,0.5690235690235691,4,0.5690235690235691,3.3800000000000003,6,0.771297134238311,Pitcher,P
2021,chapmma01,Matt Chapman,5,0.5656565656565656,5,0.5656565656565656,3.36,2,0.910379746756382,Hitter,3B
2021,kempto01,Tony Kemp,6,0.5555555555555555,6,0.5555555555555555,3.3,9,0.6957262443438915,Hitter,2B
2021,murphse01,Sean Murphy,7,0.4629629629629629,7,0.4629629629629629,2.75,10,0.6706685041912676,Hitter,C
2021,canhama01,Mark Canha,8,0.4511784511784512,8,0.4511784511784512,2.68,3,0.8967451643185452,Hitter,OF
2021,laurera01,Ramon Laureano,9,0.44949494949494945,9,0.44949494949494945,2.67,13,0.5554936426770398,Hitter,OF
2021,martest01,Starling Marte,10,0.32828282828282823,10,0.32828282828282823,1.95,20,0.3686024132656536,Hitter,OF
2021,irvinco01,Cole Irvin,11,0.25925925925925924,11,0.25925925925925924,1.54,8,0.7683559577677228,Pitcher,P
2021,kaprija01,James Kaprielian,12,0.2508417508417508,12,0.2508417508417508,1.49,14,0.5179275075414782,Pitcher,P
2022,murphse01,Sean Murphy,1,1.0,1,1.0,3.65,1,1.0,Hitter,C
2022,irvinco01,Cole Irvin,2,0.5342465753424658,2,0.5342465753424658,1.95,4,0.7992742551566082,Pitcher,P
2022,brownse01,Seth Brown,3,0.5315068493150685,3,0.5315068493150685,1.94,2,0.9352801924780544,Hitter,1B
2022,montafr01,Frankie Montas,4,0.4410958904109589,4,0.4410958904109589,1.61,13,0.47584059992656036,Pitcher,P
2022,andruel01,Elvis Andrus,5,0.37534246575342467,5,0.37534246575342467,1.37,6,0.6429155554590733,Hitter,SS
2022,kempto01,Tony Kemp,6,0.3671232876712329,6,0.3671232876712329,1.34,3,0.9101961417478631,Hitter,2B
2022,blackpa01,Paul Blackburn,7,0.36164383561643837,7,0.36164383561643837,1.32,10,0.5126728365881762,Pitcher,P
2022,acevedo01,Domingo Acevedo,8,0.3095890410958904,8,0.3095890410958904,1.13,14,0.4231088695923098,Pitcher,P
2022,allenni02,Nick Allen,9,0.3041095890410959,9,0.3041095890410959,1.11,9,0.5899453478938819,Hitter,SS
2022,pukaj01,A. J. Puk,10,0.2986301369863014,10,0.2986301369863014,1.09,16,0.3984200387611325,Pitcher,P
2022,kaprija01,James Kaprielian,11,0.2958904109589041,11,0.2958904109589041,1.08,7,0.6230342212223915,Pitcher,P
2022,laurera01,Ramon Laureano,12,0.25753424657534246,12,0.25753424657534246,0.94,8,0.6225508987189801,Hitter,OF
2023,searsjp01,JP Sears,1,1.0,1,1.0,2.9,5,0.8352000000000002,Pitcher,P
2023,gelofza01,Zack Gelof,2,0.8655172413793103,2,0.8655172413793103,2.51,14,0.5601464618839775,Hitter,2B
2023,nodary01,Ryan Noda,3,0.7517241379310345,3,0.7517241379310345,2.18,3,0.9186154105744243,Hitter,1B
2023,rookebr01,Brent Rooker,4,0.6862068965517242,4,0.6862068965517242,1.99,1,1.0,Hitter,OF
2023,blackpa01,Paul Blackburn,5,0.5344827586206897,5,0.5344827586206897,1.55,16,0.5127010638297874,Pitcher,P
2023,pruitau01,Austin Pruitt,6,0.5275862068965518,6,0.5275862068965518,1.53,22,0.3229303191489362,Pitcher,P
2023,maytr01,Trevor May,7,0.3896551724137931,7,0.3896551724137931,1.13,18,0.425336170212766,Pitcher,P
2023,laurera01,Ramon Laureano,8,0.3620689655172414,8,0.3620689655172414,1.05,17,0.4570902686305279,Hitter,OF
2023,langesh01,Shea Langeliers,9,0.29310344827586204,9,0.29310344827586204,0.85,2,0.9310299538033008,Hitter,C
2023,boylejo01,Joe Boyle,10,0.23448275862068968,10,0.23448275862068968,0.68,51,0.07780132978723404,Pitcher,P
2023,millema03,Mason Miller,11,0.2310344827586207,11,0.2310344827586207,0.67,36,0.1742579787234043,Pitcher,P
2023,jacksza02,Zach Jackson,12,0.2310344827586207,12,0.2310344827586207,0.67,40,0.13060871327254311,Pitcher,P
2024,rookebr01,Brent Rooker,1,1.0,1,1.0,5.55,2,0.9698676568936011,Hitter,OF
2024,butlela01,Lawrence Butler,2,0.5315315315315315,2,0.5315315315315315,2.95,7,0.7282974330420174,Hitter,OF
2024,langesh01,Shea Langeliers,3,0.5135135135135136,3,0.5135135135135136,2.85,4,0.8408662484120957,Hitter,C
2024,millema03,Mason Miller,4,0.44684684684684683,4,0.44684684684684683,2.48,14,0.4312006907895671,Pitcher,P
2024,searsjp01,JP Sears,5,0.40540540540540543,5,0.40540540540540543,2.25,5,0.8079117074953683,Pitcher,P
2024,bledajj01,JJ Bleday,6,0.38378378378378375,6,0.38378378378378375,2.13,1,1.0,Hitter,OF
2024,harriho02,Hogan Harris,7,0.3441441441441441,7,0.3441441441441441,1.91,19,0.32183906691560016,Pitcher,P
2024,spencmi01,Mitch Spence,8,0.2900900900900901,8,0.2900900900900901,1.61,9,0.6805841962609068,Pitcher,P
2024,bidoos01,Osvaldo Bido,9,0.2900900900900901,9,0.2900900900900901,1.61,21,0.28231429022161075,Pitcher,P
2024,gelofza01,Zack Gelof,10,0.24504504504504507,10,0.24504504504504507,1.36,3,0.8443103942946424,Hitter,2B
2024,alexasc01,Scott Alexander,11,0.21981981981981982,11,0.21981981981981982,1.22,27,0.22441040015352534,Pitcher,P
2024,schuema01,Max Schuemann,12,0.14594594594594595,12,0.14594594594594595,0.81,6,0.7675000394800174,Hitter,SS
